NODE_1000003_length_95_cov_3.452631_41_119_-	LYSINE-SYN	LYSINE-SYN;IND-AMINO-ACID-SYN;Amino-Acid-Biosynthesis;Biosynthesis;Pathways
NODE_1000003_length_95_cov_3.452631_41_119_-	LYSINE-SYN	LYSINE-SYN;IND-AMINO-ACID-SYN;Amino-Acid-Biosynthesis;Biosynthesis;Pathways
NODE_1000003_length_95_cov_3.452631_41_119_-	LYSINE-SYN	LYSINE-SYN;IND-AMINO-ACID-SYN;Amino-Acid-Biosynthesis;Biosynthesis;Pathways
NODE_1000003_length_95_cov_3.452631_41_119_-	LYSINE-SYN	LYSINE-SYN;IND-AMINO-ACID-SYN;Amino-Acid-Biosynthesis;Biosynthesis;Pathways
NODE_1000003_length_95_cov_3.452631_41_119_-	SECONDARY-METABOLITE-BIOSYNTHESIS	SECONDARY-METABOLITE-BIOSYNTHESIS;Biosynthesis;Pathways
NODE_1000003_length_95_cov_3.452631_41_119_-	Polyamine-Biosynthesis	Polyamine-Biosynthesis;Biosynthesis;Pathways
NODE_1000003_length_95_cov_3.452631_41_119_-	Spermidine-Biosynthesis	Spermidine-Biosynthesis;Polyamine-Biosynthesis;Biosynthesis;Pathways
NODE_1000003_length_95_cov_3.452631_41_119_-	Other-Amino-Acid-Biosynthesis	Other-Amino-Acid-Biosynthesis;IND-AMINO-ACID-SYN;Amino-Acid-Biosynthesis;Biosynthesis;Pathways
NODE_1000003_length_95_cov_3.452631_41_119_-	Polyamine-Biosynthesis	Polyamine-Biosynthesis;Biosynthesis;Pathways
NODE_1000019_length_70_cov_1.785714_1_94_-	Formaldehyde-Assimilation	Formaldehyde-Assimilation;C1-COMPOUNDS;Degradation;Pathways
NODE_1000019_length_70_cov_1.785714_1_94_-	Energy-Metabolism	Energy-Metabolism;Pathways
NODE_1000019_length_70_cov_1.785714_1_94_-	Pentose-Phosphate-Cycle	Pentose-Phosphate-Cycle;Energy-Metabolism;Pathways
NODE_1000019_length_70_cov_1.785714_1_94_-	Sugars-And-Polysaccharides	Sugars-And-Polysaccharides;Carbohydrates-Degradation;Degradation;Pathways
NODE_1000019_length_70_cov_1.785714_1_94_-	Fermentation	Fermentation;Energy-Metabolism;Pathways
NODE_1000019_length_70_cov_1.785714_1_94_-	Formaldehyde-Assimilation	Formaldehyde-Assimilation;C1-COMPOUNDS;Degradation;Pathways
NODE_1000021_length_140_cov_3.728571_1_164_+	Super-Pathways	Super-Pathways;Pathways
NODE_1000021_length_140_cov_3.728571_1_164_+	Photosynthesis	Photosynthesis;Energy-Metabolism;Pathways
NODE_1000021_length_140_cov_3.728571_1_164_+	CHEMOAUTOTROPHIC-ENERGY-METABOLISM	CHEMOAUTOTROPHIC-ENERGY-METABOLISM;Energy-Metabolism;Pathways
NODE_1000021_length_140_cov_3.728571_1_164_+	Photosynthesis	Photosynthesis;Energy-Metabolism;Pathways
NODE_1000021_length_140_cov_3.728571_1_164_+	Photosynthesis	Photosynthesis;Energy-Metabolism;Pathways
NODE_1000021_length_140_cov_3.728571_1_164_+	TCA-VARIANTS	TCA-VARIANTS;Energy-Metabolism;Pathways
NODE_1000021_length_140_cov_3.728571_1_164_+	Photosynthesis	Photosynthesis;Energy-Metabolism;Pathways
NODE_1000021_length_140_cov_3.728571_1_164_+	Super-Pathways	Super-Pathways;Pathways
NODE_1000021_length_140_cov_3.728571_1_164_+	Biosynthesis	Biosynthesis;Pathways
NODE_1000021_length_140_cov_3.728571_1_164_+	Super-Pathways	Super-Pathways;Pathways
NODE_1000021_length_140_cov_3.728571_1_164_+	Gluconeogenesis	Gluconeogenesis;CARBO-BIOSYNTHESIS;Carbohydrates-Biosynthesis;Biosynthesis;Pathways
NODE_1000021_length_140_cov_3.728571_1_164_+	CO2-Fixation	CO2-Fixation;C1-COMPOUNDS;Degradation;Pathways
NODE_1000021_length_140_cov_3.728571_1_164_+	ANAEROBIC-RESPIRATION	ANAEROBIC-RESPIRATION;Respiration;Energy-Metabolism;Pathways
NODE_1000021_length_140_cov_3.728571_1_164_+	Formaldehyde-Assimilation	Formaldehyde-Assimilation;C1-COMPOUNDS;Degradation;Pathways
NODE_1000021_length_140_cov_3.728571_1_164_+	GLUTAMINE-SYN	GLUTAMINE-SYN;IND-AMINO-ACID-SYN;Amino-Acid-Biosynthesis;Biosynthesis;Pathways
NODE_1000021_length_140_cov_3.728571_1_164_+	Fermentation	Fermentation;Energy-Metabolism;Pathways
NODE_1000021_length_140_cov_3.728571_1_164_+	Reductive-TCA-Cycles	Reductive-TCA-Cycles;Autotrophic-CO2-Fixation;CO2-Fixation;C1-COMPOUNDS;Degradation;Pathways
NODE_1000023_length_112_cov_7.339286_1_136_-	THREONINE-DEG	THREONINE-DEG;Amino-Acid-Degradation;Degradation;Pathways
NODE_1000062_length_121_cov_3.479339_1_145_+	Respiration	Respiration;Energy-Metabolism;Pathways
NODE_1000062_length_121_cov_3.479339_1_145_+	Amino-Acid-Degradation	Amino-Acid-Degradation;Degradation;Pathways
NODE_1000062_length_121_cov_3.479339_1_145_+	GLYCINE-DEG	GLYCINE-DEG;Amino-Acid-Degradation;Degradation;Pathways
NODE_1000062_length_121_cov_3.479339_1_145_+	CARBOXYLATES-DEG	CARBOXYLATES-DEG;Degradation;Pathways
NODE_1000062_length_121_cov_3.479339_1_145_+	Acetyl-CoA-Biosynthesis	Acetyl-CoA-Biosynthesis;Energy-Metabolism;Pathways
NODE_1000062_length_121_cov_3.479339_1_145_+	Respiration	Respiration;Energy-Metabolism;Pathways
NODE_1000062_length_121_cov_3.479339_1_145_+	Amino-Acid-Degradation	Amino-Acid-Degradation;Degradation;Pathways
NODE_1000112_length_106_cov_3.386792_1_105_+	Thiamine-Biosynthesis	Thiamine-Biosynthesis;Vitamin-Biosynthesis;Cofactor-Biosynthesis;Biosynthesis;Pathways
NODE_1000112_length_106_cov_3.386792_1_105_+	Thiamine-Biosynthesis	Thiamine-Biosynthesis;Vitamin-Biosynthesis;Cofactor-Biosynthesis;Biosynthesis;Pathways
NODE_1000112_length_106_cov_3.386792_1_105_+	Thiamine-Biosynthesis	Thiamine-Biosynthesis;Vitamin-Biosynthesis;Cofactor-Biosynthesis;Biosynthesis;Pathways
NODE_1000112_length_106_cov_3.386792_1_105_+	Thiamin-Salvage	Thiamin-Salvage;Thiamine-Biosynthesis;Vitamin-Biosynthesis;Cofactor-Biosynthesis;Biosynthesis;Pathways
NODE_1000112_length_106_cov_3.386792_1_105_+	Super-Pathways	Super-Pathways;Pathways
NODE_1000112_length_106_cov_3.386792_1_105_+	Thiamine-Biosynthesis	Thiamine-Biosynthesis;Vitamin-Biosynthesis;Cofactor-Biosynthesis;Biosynthesis;Pathways
NODE_1000144_length_76_cov_7.855263_1_100_+	Citrulline-Biosynthesis	Citrulline-Biosynthesis;Other-Amino-Acid-Biosynthesis;IND-AMINO-ACID-SYN;Amino-Acid-Biosynthesis;Biosynthesis;Pathways
NODE_1000144_length_76_cov_7.855263_1_100_+	PROLINE-SYN	PROLINE-SYN;IND-AMINO-ACID-SYN;Amino-Acid-Biosynthesis;Biosynthesis;Pathways
NODE_1000195_length_61_cov_5.229508_1_85_-	Super-Pathways	Super-Pathways;Pathways
NODE_1000195_length_61_cov_5.229508_1_85_-	Sugars-And-Polysaccharides	Sugars-And-Polysaccharides;Carbohydrates-Degradation;Degradation;Pathways
NODE_1000195_length_61_cov_5.229508_1_85_-	Sugars-And-Polysaccharides	Sugars-And-Polysaccharides;Carbohydrates-Degradation;Degradation;Pathways
NODE_1000195_length_61_cov_5.229508_1_85_-	Sugars-And-Polysaccharides	Sugars-And-Polysaccharides;Carbohydrates-Degradation;Degradation;Pathways
NODE_1000195_length_61_cov_5.229508_1_85_-	GLYCOLYSIS-VARIANTS	GLYCOLYSIS-VARIANTS;Energy-Metabolism;Pathways
NODE_1000195_length_61_cov_5.229508_1_85_-	GLYCOLYSIS-VARIANTS	GLYCOLYSIS-VARIANTS;Energy-Metabolism;Pathways
NODE_1000195_length_61_cov_5.229508_1_85_-	Gluconeogenesis	Gluconeogenesis;CARBO-BIOSYNTHESIS;Carbohydrates-Biosynthesis;Biosynthesis;Pathways
NODE_1000195_length_61_cov_5.229508_1_85_-	Super-Pathways	Super-Pathways;Pathways
NODE_1000195_length_61_cov_5.229508_1_85_-	Energy-Metabolism	Energy-Metabolism;Pathways
NODE_1000195_length_61_cov_5.229508_1_85_-	GLYCOLYSIS-VARIANTS	GLYCOLYSIS-VARIANTS;Energy-Metabolism;Pathways
NODE_1000195_length_61_cov_5.229508_1_85_-	Gluconeogenesis	Gluconeogenesis;CARBO-BIOSYNTHESIS;Carbohydrates-Biosynthesis;Biosynthesis;Pathways
NODE_1000195_length_61_cov_5.229508_1_85_-	Super-Pathways	Super-Pathways;Pathways
NODE_1000195_length_61_cov_5.229508_1_85_-	Photosynthesis	Photosynthesis;Energy-Metabolism;Pathways
NODE_1000195_length_61_cov_5.229508_1_85_-	CHEMOAUTOTROPHIC-ENERGY-METABOLISM	CHEMOAUTOTROPHIC-ENERGY-METABOLISM;Energy-Metabolism;Pathways
NODE_1000195_length_61_cov_5.229508_1_85_-	Super-Pathways	Super-Pathways;Pathways
NODE_1000195_length_61_cov_5.229508_1_85_-	Energy-Metabolism	Energy-Metabolism;Pathways
NODE_1000195_length_61_cov_5.229508_1_85_-	Super-Pathways	Super-Pathways;Pathways
NODE_1000195_length_61_cov_5.229508_1_85_-	Gluconeogenesis	Gluconeogenesis;CARBO-BIOSYNTHESIS;Carbohydrates-Biosynthesis;Biosynthesis;Pathways
NODE_1000195_length_61_cov_5.229508_1_85_-	Super-Pathways	Super-Pathways;Pathways
NODE_1000195_length_61_cov_5.229508_1_85_-	Energy-Metabolism	Energy-Metabolism;Pathways
NODE_1000195_length_61_cov_5.229508_1_85_-	ANAEROBIC-RESPIRATION	ANAEROBIC-RESPIRATION;Respiration;Energy-Metabolism;Pathways
NODE_1000195_length_61_cov_5.229508_1_85_-	Formaldehyde-Assimilation	Formaldehyde-Assimilation;C1-COMPOUNDS;Degradation;Pathways
NODE_1000195_length_61_cov_5.229508_1_85_-	GLYCOLYSIS-VARIANTS	GLYCOLYSIS-VARIANTS;Energy-Metabolism;Pathways
NODE_1000195_length_61_cov_5.229508_1_85_-	Energy-Metabolism	Energy-Metabolism;Pathways
NODE_1000195_length_61_cov_5.229508_1_85_-	Sugars-And-Polysaccharides	Sugars-And-Polysaccharides;Carbohydrates-Degradation;Degradation;Pathways
NODE_1000195_length_61_cov_5.229508_1_85_-	Fermentation	Fermentation;Energy-Metabolism;Pathways
NODE_1000195_length_61_cov_5.229508_1_85_-	GLYCOLYSIS-VARIANTS	GLYCOLYSIS-VARIANTS;Energy-Metabolism;Pathways
NODE_1000195_length_61_cov_5.229508_1_85_-	Fermentation	Fermentation;Energy-Metabolism;Pathways
NODE_1000195_length_61_cov_5.229508_1_85_-	GLYCOLYSIS-VARIANTS	GLYCOLYSIS-VARIANTS;Energy-Metabolism;Pathways
NODE_1000198_length_64_cov_1.562500_1_88_-	CARBOXYLATES-DEG	CARBOXYLATES-DEG;Degradation;Pathways
NODE_1000198_length_64_cov_1.562500_1_88_-	AROMATIC-COMPOUNDS-DEGRADATION	AROMATIC-COMPOUNDS-DEGRADATION;Degradation;Pathways
NODE_1000241_length_63_cov_1.793651_1_87_-	Protein-Degradation	Protein-Degradation;Degradation;Pathways
NODE_1000241_length_63_cov_1.793651_1_87_-	Protein-Degradation	Protein-Degradation;Degradation;Pathways
NODE_1000243_length_227_cov_2.863436_1_251_+	POLYSACCHARIDES-DEG	POLYSACCHARIDES-DEG;Carbohydrates-Degradation;Degradation;Pathways
NODE_1000243_length_227_cov_2.863436_1_251_+	POLYSACCHARIDES-DEG	POLYSACCHARIDES-DEG;Polymer-Degradation;Degradation;Pathways
NODE_1000258_length_73_cov_2.602740_1_97_-	Purine-Ribonuc-De-Novo-Biosynthesis	Purine-Ribonuc-De-Novo-Biosynthesis;Purine-Nucleotide-De-Novo-Biosynthesis;PUR-NUC-SYN;Nucleotide-Biosynthesis;Biosynthesis;Pathways
NODE_1000261_length_74_cov_9.770270_1_98_+	THREONINE-BIOSYNTHESIS	THREONINE-BIOSYNTHESIS;IND-AMINO-ACID-SYN;Amino-Acid-Biosynthesis;Biosynthesis;Pathways
NODE_1000261_length_74_cov_9.770270_1_98_+	METHIONINE-SYN	METHIONINE-SYN;IND-AMINO-ACID-SYN;Amino-Acid-Biosynthesis;Biosynthesis;Pathways
NODE_1000286_length_115_cov_1.626087_1_139_-	GLYCOGEN-BIOSYN	GLYCOGEN-BIOSYN;Polysaccharides-Biosynthesis;Carbohydrates-Biosynthesis;Biosynthesis;Pathways
NODE_1000286_length_115_cov_1.626087_1_139_-	GLYCOGEN-BIOSYN	GLYCOGEN-BIOSYN;Polysaccharides-Biosynthesis;Carbohydrates-Biosynthesis;Biosynthesis;Pathways
NODE_1000286_length_115_cov_1.626087_1_139_-	GLYCOGEN-BIOSYN	GLYCOGEN-BIOSYN;Polysaccharides-Biosynthesis;Carbohydrates-Biosynthesis;Biosynthesis;Pathways
NODE_1000286_length_115_cov_1.626087_1_139_-	GLYCOGEN-BIOSYN	GLYCOGEN-BIOSYN;Polysaccharides-Biosynthesis;Carbohydrates-Biosynthesis;Biosynthesis;Pathways
NODE_1000374_length_87_cov_2.126437_1_111_-	Other-Degradation	Other-Degradation;Degradation;Pathways
NODE_1000374_length_87_cov_2.126437_1_111_-	Autotrophic-CO2-Fixation	Autotrophic-CO2-Fixation;CO2-Fixation;C1-COMPOUNDS;Degradation;Pathways
NODE_1000374_length_87_cov_2.126437_1_111_-	Autotrophic-CO2-Fixation	Autotrophic-CO2-Fixation;CO2-Fixation;C1-COMPOUNDS;Degradation;Pathways
NODE_1000374_length_87_cov_2.126437_1_111_-	Antibiotic-Biosynthesis	Antibiotic-Biosynthesis;SECONDARY-METABOLITE-BIOSYNTHESIS;Biosynthesis;Pathways
NODE_1000374_length_87_cov_2.126437_1_111_-	Fatty-acid-biosynthesis	Fatty-acid-biosynthesis;Lipid-Biosynthesis;Biosynthesis;Pathways
NODE_1000374_length_87_cov_2.126437_1_111_-	Lipid-Biosynthesis	Lipid-Biosynthesis;Biosynthesis;Pathways
NODE_1000407_length_94_cov_1.042553_1_118_+	Gluconeogenesis	Gluconeogenesis;CARBO-BIOSYNTHESIS;Carbohydrates-Biosynthesis;Biosynthesis;Pathways
NODE_1000407_length_94_cov_1.042553_1_118_+	Photosynthesis	Photosynthesis;Energy-Metabolism;Pathways
NODE_1000407_length_94_cov_1.042553_1_118_+	Super-Pathways	Super-Pathways;Pathways
NODE_1000407_length_94_cov_1.042553_1_118_+	Energy-Metabolism	Energy-Metabolism;Pathways
NODE_1000411_length_96_cov_7.218750_1_120_-	Super-Pathways	Super-Pathways;Pathways
NODE_1000411_length_96_cov_7.218750_1_120_-	Metabolic-Clusters	Metabolic-Clusters;Pathways
NODE_1000411_length_96_cov_7.218750_1_120_-	Cellulose-Degradation	Cellulose-Degradation;POLYSACCHARIDES-DEG;Carbohydrates-Degradation;Degradation;Pathways
NODE_1000411_length_96_cov_7.218750_1_120_-	Cellulose-Degradation	Cellulose-Degradation;POLYSACCHARIDES-DEG;Polymer-Degradation;Degradation;Pathways
NODE_1000480_length_59_cov_4.033898_1_83_+	Methylglyoxal-Detoxification	Methylglyoxal-Detoxification;Detoxification;Pathways
NODE_1000480_length_59_cov_4.033898_1_83_+	Aldehyde-Degradation	Aldehyde-Degradation;Degradation;Pathways
NODE_1000555_length_292_cov_3.047945_1_316_+	AIR-Biosynthesis	AIR-Biosynthesis;PUR-NUC-SYN;Nucleotide-Biosynthesis;Biosynthesis;Pathways
NODE_1000555_length_292_cov_3.047945_1_316_+	Super-Pathways	Super-Pathways;Pathways
NODE_1000555_length_292_cov_3.047945_1_316_+	AIR-Biosynthesis	AIR-Biosynthesis;PUR-NUC-SYN;Nucleotide-Biosynthesis;Biosynthesis;Pathways
NODE_1000555_length_292_cov_3.047945_1_316_+	AIR-Biosynthesis	AIR-Biosynthesis;PUR-NUC-SYN;Nucleotide-Biosynthesis;Biosynthesis;Pathways
NODE_10005_length_89_cov_4.123596_1_113_+	PYRROLIDINE-ALKALOIDS	PYRROLIDINE-ALKALOIDS;ALKALOIDS-SYN;N-CONTAINING-SECONDARY-CMPD-SYN;SECONDARY-METABOLITE-BIOSYNTHESIS;Biosynthesis;Pathways
NODE_10005_length_89_cov_4.123596_1_113_+	NAD-SYN	NAD-SYN;NAD-Metabolism;Cofactor-Biosynthesis;Biosynthesis;Pathways
NODE_1000699_length_58_cov_1.000000_1_82_+	Urea-Degradation	Urea-Degradation;AMINE-DEG;Degradation;Pathways
NODE_1000706_length_83_cov_9.915663_1_103_+	QUINONE-SYN	QUINONE-SYN;PHENYLPROPANOID-SYN;SECONDARY-METABOLITE-BIOSYNTHESIS;Biosynthesis;Pathways
NODE_1000706_length_83_cov_9.915663_1_103_+	DHNA-Biosynthesis	DHNA-Biosynthesis;Quinone-Biosynthesis;Cofactor-Biosynthesis;Biosynthesis;Pathways
NODE_1000706_length_83_cov_9.915663_1_103_+	DHNA-Biosynthesis	DHNA-Biosynthesis;Quinone-Biosynthesis;Cofactor-Biosynthesis;Biosynthesis;Pathways
NODE_1000707_length_138_cov_0.666667_1_162_-	Sugars-And-Polysaccharides	Sugars-And-Polysaccharides;Carbohydrates-Degradation;Degradation;Pathways
NODE_1000707_length_138_cov_0.666667_1_162_-	Sucrose-Biosynthesis	Sucrose-Biosynthesis;CARBO-BIOSYNTHESIS;Carbohydrates-Biosynthesis;Biosynthesis;Pathways
NODE_1000707_length_138_cov_0.666667_1_162_-	GLYCOLYSIS-VARIANTS	GLYCOLYSIS-VARIANTS;Energy-Metabolism;Pathways
NODE_1000707_length_138_cov_0.666667_1_162_-	Trehalose-Degradation	Trehalose-Degradation;Sugars-And-Polysaccharides;Carbohydrates-Degradation;Degradation;Pathways
NODE_1000707_length_138_cov_0.666667_1_162_-	UDP-Nac-Galactosamine-Biosynthesis	UDP-Nac-Galactosamine-Biosynthesis;Polyamine-Biosynthesis;Biosynthesis;Pathways
NODE_1000707_length_138_cov_0.666667_1_162_-	Cell-Structure-Biosynthesis	Cell-Structure-Biosynthesis;Biosynthesis;Pathways
NODE_1000707_length_138_cov_0.666667_1_162_-	Super-Pathways	Super-Pathways;Pathways
NODE_1000707_length_138_cov_0.666667_1_162_-	Fermentation	Fermentation;Energy-Metabolism;Pathways
NODE_1000707_length_138_cov_0.666667_1_162_-	Sugars-And-Polysaccharides	Sugars-And-Polysaccharides;Carbohydrates-Degradation;Degradation;Pathways
NODE_1000707_length_138_cov_0.666667_1_162_-	Fermentation	Fermentation;Energy-Metabolism;Pathways
NODE_1000707_length_138_cov_0.666667_1_162_-	Glycogen-Degradation	Glycogen-Degradation;POLYSACCHARIDES-DEG;Carbohydrates-Degradation;Degradation;Pathways
NODE_1000707_length_138_cov_0.666667_1_162_-	Glycogen-Degradation	Glycogen-Degradation;POLYSACCHARIDES-DEG;Polymer-Degradation;Degradation;Pathways
NODE_1000707_length_138_cov_0.666667_1_162_-	CARBO-BIOSYNTHESIS	CARBO-BIOSYNTHESIS;Carbohydrates-Biosynthesis;Biosynthesis;Pathways
NODE_1000707_length_138_cov_0.666667_1_162_-	SUGAR-NUCLEOTIDES	SUGAR-NUCLEOTIDES;CARBO-BIOSYNTHESIS;Carbohydrates-Biosynthesis;Biosynthesis;Pathways
NODE_1000707_length_138_cov_0.666667_1_162_-	Trehalose-Degradation	Trehalose-Degradation;Sugars-And-Polysaccharides;Carbohydrates-Degradation;Degradation;Pathways
NODE_1000707_length_138_cov_0.666667_1_162_-	Fermentation	Fermentation;Energy-Metabolism;Pathways
NODE_1000707_length_138_cov_0.666667_1_162_-	Trehalose-Degradation	Trehalose-Degradation;Sugars-And-Polysaccharides;Carbohydrates-Degradation;Degradation;Pathways
NODE_1000707_length_138_cov_0.666667_1_162_-	Trehalose-Degradation	Trehalose-Degradation;Sugars-And-Polysaccharides;Carbohydrates-Degradation;Degradation;Pathways
NODE_1000707_length_138_cov_0.666667_1_162_-	GLYCOLYSIS-VARIANTS	GLYCOLYSIS-VARIANTS;Energy-Metabolism;Pathways
NODE_1000900_length_80_cov_3.612500_1_104_-	Pyrimid-Ribonucleot-De-Novo-Biosyn	Pyrimid-Ribonucleot-De-Novo-Biosyn;Pyrimidine-De-Novo-Biosyn;PYR-NUC-SYN;Nucleotide-Biosynthesis;Biosynthesis;Pathways
NODE_1001032_length_112_cov_2.142857_1_136_-	Cofactor-Biosynthesis	Cofactor-Biosynthesis;Biosynthesis;Pathways
NODE_1001032_length_112_cov_2.142857_1_136_-	Thiamine-Biosynthesis	Thiamine-Biosynthesis;Vitamin-Biosynthesis;Cofactor-Biosynthesis;Biosynthesis;Pathways
NODE_1001032_length_112_cov_2.142857_1_136_-	Thiamine-Biosynthesis	Thiamine-Biosynthesis;Vitamin-Biosynthesis;Cofactor-Biosynthesis;Biosynthesis;Pathways
NODE_1001032_length_112_cov_2.142857_1_136_-	ALANINE-SYN	ALANINE-SYN;IND-AMINO-ACID-SYN;Amino-Acid-Biosynthesis;Biosynthesis;Pathways
NODE_1001032_length_112_cov_2.142857_1_136_-	Molybdenum-Cofactor-Biosynthesis	Molybdenum-Cofactor-Biosynthesis;Cofactor-Biosynthesis;Biosynthesis;Pathways
NODE_1001032_length_112_cov_2.142857_1_136_-	Cofactor-Biosynthesis	Cofactor-Biosynthesis;Biosynthesis;Pathways
NODE_1001032_length_112_cov_2.142857_1_136_-	Cofactor-Biosynthesis	Cofactor-Biosynthesis;Biosynthesis;Pathways
NODE_1001032_length_112_cov_2.142857_1_136_-	Cofactor-Biosynthesis	Cofactor-Biosynthesis;Biosynthesis;Pathways
NODE_1001137_length_88_cov_1.318182_1_112_-	Palmitate-Biosynthesis	Palmitate-Biosynthesis;Fatty-acid-biosynthesis;Lipid-Biosynthesis;Biosynthesis;Pathways
NODE_1001137_length_88_cov_1.318182_1_112_-	Fatty-acid-biosynthesis	Fatty-acid-biosynthesis;Lipid-Biosynthesis;Biosynthesis;Pathways
NODE_1001137_length_88_cov_1.318182_1_112_-	Fatty-acid-biosynthesis	Fatty-acid-biosynthesis;Lipid-Biosynthesis;Biosynthesis;Pathways
NODE_1001137_length_88_cov_1.318182_1_112_-	Palmitate-Biosynthesis	Palmitate-Biosynthesis;Fatty-acid-biosynthesis;Lipid-Biosynthesis;Biosynthesis;Pathways
NODE_1001137_length_88_cov_1.318182_1_112_-	Fatty-acid-biosynthesis	Fatty-acid-biosynthesis;Lipid-Biosynthesis;Biosynthesis;Pathways
NODE_1001137_length_88_cov_1.318182_1_112_-	Stearate-Biosynthesis	Stearate-Biosynthesis;Fatty-acid-biosynthesis;Lipid-Biosynthesis;Biosynthesis;Pathways
NODE_1001137_length_88_cov_1.318182_1_112_-	Fatty-acid-biosynthesis	Fatty-acid-biosynthesis;Lipid-Biosynthesis;Biosynthesis;Pathways
NODE_1001137_length_88_cov_1.318182_1_112_-	Palmitate-Biosynthesis	Palmitate-Biosynthesis;Fatty-acid-biosynthesis;Lipid-Biosynthesis;Biosynthesis;Pathways
NODE_1001137_length_88_cov_1.318182_1_112_-	Palmitoleate-Biosynthesis	Palmitoleate-Biosynthesis;Fatty-acid-biosynthesis;Lipid-Biosynthesis;Biosynthesis;Pathways
NODE_1001137_length_88_cov_1.318182_1_112_-	Palmitate-Biosynthesis	Palmitate-Biosynthesis;Fatty-acid-biosynthesis;Lipid-Biosynthesis;Biosynthesis;Pathways
NODE_1001137_length_88_cov_1.318182_1_112_-	Palmitate-Biosynthesis	Palmitate-Biosynthesis;Fatty-acid-biosynthesis;Lipid-Biosynthesis;Biosynthesis;Pathways
NODE_1001137_length_88_cov_1.318182_1_112_-	Fatty-acid-biosynthesis	Fatty-acid-biosynthesis;Lipid-Biosynthesis;Biosynthesis;Pathways
NODE_1001137_length_88_cov_1.318182_1_112_-	7-Keto-8-aminopelargonate-Biosynthesis	7-Keto-8-aminopelargonate-Biosynthesis;BIOTIN-SYN;Vitamin-Biosynthesis;Cofactor-Biosynthesis;Biosynthesis;Pathways
NODE_1001137_length_88_cov_1.318182_1_112_-	Super-Pathways	Super-Pathways;Pathways
NODE_1001137_length_88_cov_1.318182_1_112_-	Fatty-acid-biosynthesis	Fatty-acid-biosynthesis;Lipid-Biosynthesis;Biosynthesis;Pathways
NODE_1001137_length_88_cov_1.318182_1_112_-	Fatty-acid-biosynthesis	Fatty-acid-biosynthesis;Lipid-Biosynthesis;Biosynthesis;Pathways
NODE_1001137_length_88_cov_1.318182_1_112_-	Fatty-acid-biosynthesis	Fatty-acid-biosynthesis;Lipid-Biosynthesis;Biosynthesis;Pathways
NODE_1001137_length_88_cov_1.318182_1_112_-	Palmitoleate-Biosynthesis	Palmitoleate-Biosynthesis;Fatty-acid-biosynthesis;Lipid-Biosynthesis;Biosynthesis;Pathways
NODE_1001137_length_88_cov_1.318182_1_112_-	Stearate-Biosynthesis	Stearate-Biosynthesis;Fatty-acid-biosynthesis;Lipid-Biosynthesis;Biosynthesis;Pathways
NODE_1001137_length_88_cov_1.318182_1_112_-	Palmitate-Biosynthesis	Palmitate-Biosynthesis;Fatty-acid-biosynthesis;Lipid-Biosynthesis;Biosynthesis;Pathways
NODE_1001137_length_88_cov_1.318182_1_112_-	Fatty-acid-biosynthesis	Fatty-acid-biosynthesis;Lipid-Biosynthesis;Biosynthesis;Pathways
NODE_1001137_length_88_cov_1.318182_1_112_-	Palmitate-Biosynthesis	Palmitate-Biosynthesis;Fatty-acid-biosynthesis;Lipid-Biosynthesis;Biosynthesis;Pathways
NODE_1001137_length_88_cov_1.318182_1_112_-	Palmitate-Biosynthesis	Palmitate-Biosynthesis;Fatty-acid-biosynthesis;Lipid-Biosynthesis;Biosynthesis;Pathways
NODE_1001137_length_88_cov_1.318182_1_112_-	Fatty-acid-biosynthesis	Fatty-acid-biosynthesis;Lipid-Biosynthesis;Biosynthesis;Pathways
NODE_1001137_length_88_cov_1.318182_1_112_-	Palmitate-Biosynthesis	Palmitate-Biosynthesis;Fatty-acid-biosynthesis;Lipid-Biosynthesis;Biosynthesis;Pathways
NODE_1001137_length_88_cov_1.318182_1_112_-	Fatty-acid-biosynthesis	Fatty-acid-biosynthesis;Lipid-Biosynthesis;Biosynthesis;Pathways
NODE_1001137_length_88_cov_1.318182_1_112_-	Fatty-acid-biosynthesis	Fatty-acid-biosynthesis;Lipid-Biosynthesis;Biosynthesis;Pathways
NODE_1001137_length_88_cov_1.318182_1_112_-	Fatty-acid-biosynthesis	Fatty-acid-biosynthesis;Lipid-Biosynthesis;Biosynthesis;Pathways
NODE_1001137_length_88_cov_1.318182_1_112_-	Palmitate-Biosynthesis	Palmitate-Biosynthesis;Fatty-acid-biosynthesis;Lipid-Biosynthesis;Biosynthesis;Pathways
NODE_1001137_length_88_cov_1.318182_1_112_-	Palmitate-Biosynthesis	Palmitate-Biosynthesis;Fatty-acid-biosynthesis;Lipid-Biosynthesis;Biosynthesis;Pathways
NODE_1001137_length_88_cov_1.318182_1_112_-	Palmitate-Biosynthesis	Palmitate-Biosynthesis;Fatty-acid-biosynthesis;Lipid-Biosynthesis;Biosynthesis;Pathways
NODE_100114_length_75_cov_9.386666_1_99_-	Metabolic-Clusters	Metabolic-Clusters;Pathways
NODE_100114_length_75_cov_9.386666_1_99_-	Aminoacyl-tRNAs-Charging	Aminoacyl-tRNAs-Charging;Biosynthesis;Pathways
NODE_1001211_length_78_cov_4.794872_1_102_+	Pyrimid-Ribonucleot-De-Novo-Biosyn	Pyrimid-Ribonucleot-De-Novo-Biosyn;Pyrimidine-De-Novo-Biosyn;PYR-NUC-SYN;Nucleotide-Biosynthesis;Biosynthesis;Pathways
NODE_1001226_length_79_cov_2.468354_1_103_-	Acetylmuramoyl-Pentapeptide-Biosynthesis	Acetylmuramoyl-Pentapeptide-Biosynthesis;Cell-Structure-Biosynthesis;Biosynthesis;Pathways
NODE_1001226_length_79_cov_2.468354_1_103_-	Acetylmuramoyl-Pentapeptide-Biosynthesis	Acetylmuramoyl-Pentapeptide-Biosynthesis;Cell-Structure-Biosynthesis;Biosynthesis;Pathways
NODE_1001239_length_97_cov_3.608248_1_121_-	Ascorbate-Biosynthesis	Ascorbate-Biosynthesis;Vitamin-Biosynthesis;Cofactor-Biosynthesis;Biosynthesis;Pathways
NODE_1001239_length_97_cov_3.608248_1_121_-	GDP-Mannose-Biosynthesis	GDP-Mannose-Biosynthesis;SUGAR-NUCLEOTIDES;CARBO-BIOSYNTHESIS;Carbohydrates-Biosynthesis;Biosynthesis;Pathways
NODE_1001239_length_97_cov_3.608248_1_121_-	Sugars-And-Polysaccharides	Sugars-And-Polysaccharides;Carbohydrates-Degradation;Degradation;Pathways
NODE_1001239_length_97_cov_3.608248_1_121_-	GLYCOGEN-BIOSYN	GLYCOGEN-BIOSYN;Polysaccharides-Biosynthesis;Carbohydrates-Biosynthesis;Biosynthesis;Pathways
NODE_1001239_length_97_cov_3.608248_1_121_-	GLYCOGEN-BIOSYN	GLYCOGEN-BIOSYN;Polysaccharides-Biosynthesis;Carbohydrates-Biosynthesis;Biosynthesis;Pathways
NODE_1001239_length_97_cov_3.608248_1_121_-	Sucrose-Biosynthesis	Sucrose-Biosynthesis;CARBO-BIOSYNTHESIS;Carbohydrates-Biosynthesis;Biosynthesis;Pathways
NODE_1001239_length_97_cov_3.608248_1_121_-	Antibiotic-Biosynthesis	Antibiotic-Biosynthesis;SECONDARY-METABOLITE-BIOSYNTHESIS;Biosynthesis;Pathways
NODE_1001239_length_97_cov_3.608248_1_121_-	Starch-Degradation	Starch-Degradation;POLYSACCHARIDES-DEG;Carbohydrates-Degradation;Degradation;Pathways
NODE_1001239_length_97_cov_3.608248_1_121_-	Starch-Degradation	Starch-Degradation;POLYSACCHARIDES-DEG;Polymer-Degradation;Degradation;Pathways
NODE_1001239_length_97_cov_3.608248_1_121_-	Starch-Degradation	Starch-Degradation;POLYSACCHARIDES-DEG;Carbohydrates-Degradation;Degradation;Pathways
NODE_1001239_length_97_cov_3.608248_1_121_-	Starch-Degradation	Starch-Degradation;POLYSACCHARIDES-DEG;Polymer-Degradation;Degradation;Pathways
NODE_1001239_length_97_cov_3.608248_1_121_-	Sucrose-Biosynthesis	Sucrose-Biosynthesis;CARBO-BIOSYNTHESIS;Carbohydrates-Biosynthesis;Biosynthesis;Pathways
NODE_1001239_length_97_cov_3.608248_1_121_-	Super-Pathways	Super-Pathways;Pathways
NODE_1001239_length_97_cov_3.608248_1_121_-	SUCROSE-DEG	SUCROSE-DEG;Sugars-And-Polysaccharides;Carbohydrates-Degradation;Degradation;Pathways
NODE_1001239_length_97_cov_3.608248_1_121_-	Glycogen-Degradation	Glycogen-Degradation;POLYSACCHARIDES-DEG;Carbohydrates-Degradation;Degradation;Pathways
NODE_1001239_length_97_cov_3.608248_1_121_-	Glycogen-Degradation	Glycogen-Degradation;POLYSACCHARIDES-DEG;Polymer-Degradation;Degradation;Pathways
NODE_1001239_length_97_cov_3.608248_1_121_-	Glycogen-Degradation	Glycogen-Degradation;POLYSACCHARIDES-DEG;Carbohydrates-Degradation;Degradation;Pathways
NODE_1001239_length_97_cov_3.608248_1_121_-	Glycogen-Degradation	Glycogen-Degradation;POLYSACCHARIDES-DEG;Polymer-Degradation;Degradation;Pathways
NODE_1001239_length_97_cov_3.608248_1_121_-	CARBO-BIOSYNTHESIS	CARBO-BIOSYNTHESIS;Carbohydrates-Biosynthesis;Biosynthesis;Pathways
NODE_1001239_length_97_cov_3.608248_1_121_-	SUGAR-NUCLEOTIDES	SUGAR-NUCLEOTIDES;CARBO-BIOSYNTHESIS;Carbohydrates-Biosynthesis;Biosynthesis;Pathways
NODE_1001239_length_97_cov_3.608248_1_121_-	SUCROSE-DEG	SUCROSE-DEG;Sugars-And-Polysaccharides;Carbohydrates-Degradation;Degradation;Pathways
NODE_1001239_length_97_cov_3.608248_1_121_-	SUCROSE-DEG	SUCROSE-DEG;Sugars-And-Polysaccharides;Carbohydrates-Degradation;Degradation;Pathways
NODE_1001257_length_66_cov_4.818182_1_90_+	LYSINE-SYN	LYSINE-SYN;IND-AMINO-ACID-SYN;Amino-Acid-Biosynthesis;Biosynthesis;Pathways
NODE_1001257_length_66_cov_4.818182_1_90_+	LYSINE-SYN	LYSINE-SYN;IND-AMINO-ACID-SYN;Amino-Acid-Biosynthesis;Biosynthesis;Pathways
NODE_1001257_length_66_cov_4.818182_1_90_+	LYSINE-SYN	LYSINE-SYN;IND-AMINO-ACID-SYN;Amino-Acid-Biosynthesis;Biosynthesis;Pathways
NODE_1001257_length_66_cov_4.818182_1_90_+	LYSINE-SYN	LYSINE-SYN;IND-AMINO-ACID-SYN;Amino-Acid-Biosynthesis;Biosynthesis;Pathways
NODE_100125_length_74_cov_1.554054_1_98_-	Cholesterol-Degradation	Cholesterol-Degradation;Steroids-Degradation;Degradation;Pathways
NODE_100125_length_74_cov_1.554054_1_98_-	Cholesterol-Degradation	Cholesterol-Degradation;Steroids-Degradation;Degradation;Pathways
NODE_100125_length_74_cov_1.554054_1_98_-	Steroids-Degradation	Steroids-Degradation;Degradation;Pathways
NODE_100125_length_74_cov_1.554054_1_98_-	Unusual-fatty-acid-biosynthesis	Unusual-fatty-acid-biosynthesis;Fatty-acid-biosynthesis;Lipid-Biosynthesis;Biosynthesis;Pathways
NODE_100125_length_74_cov_1.554054_1_98_-	Unusual-fatty-acid-biosynthesis	Unusual-fatty-acid-biosynthesis;Fatty-acid-biosynthesis;Lipid-Biosynthesis;Biosynthesis;Pathways
NODE_100125_length_74_cov_1.554054_1_98_-	Other-Degradation	Other-Degradation;Degradation;Pathways
NODE_100125_length_74_cov_1.554054_1_98_-	SECONDARY-METABOLITE-BIOSYNTHESIS	SECONDARY-METABOLITE-BIOSYNTHESIS;Biosynthesis;Pathways
NODE_100125_length_74_cov_1.554054_1_98_-	Alkenes-Biosynthesis	Alkenes-Biosynthesis;Olefins-Biosynthesis;Carbohydrates-Biosynthesis;Biosynthesis;Pathways
NODE_100125_length_74_cov_1.554054_1_98_-	Fatty-Acid-Degradation	Fatty-Acid-Degradation;Fatty-Acid-and-Lipid-Degradation;Degradation;Pathways
NODE_100125_length_74_cov_1.554054_1_98_-	Fatty-Acid-Degradation	Fatty-Acid-Degradation;Fatty-Acid-and-Lipid-Degradation;Degradation;Pathways
NODE_100125_length_74_cov_1.554054_1_98_-	Alcohol-Degradation	Alcohol-Degradation;Degradation;Pathways
NODE_100125_length_74_cov_1.554054_1_98_-	Fatty-Acid-Degradation	Fatty-Acid-Degradation;Fatty-Acid-and-Lipid-Degradation;Degradation;Pathways
NODE_100125_length_74_cov_1.554054_1_98_-	Fatty-acid-biosynthesis	Fatty-acid-biosynthesis;Lipid-Biosynthesis;Biosynthesis;Pathways
NODE_100125_length_74_cov_1.554054_1_98_-	Alkanes-Biosynthesis	Alkanes-Biosynthesis;Carbohydrates-Biosynthesis;Biosynthesis;Pathways
NODE_100125_length_74_cov_1.554054_1_98_-	Lipid-Biosynthesis	Lipid-Biosynthesis;Biosynthesis;Pathways
NODE_100125_length_74_cov_1.554054_1_98_-	Energy-Metabolism	Energy-Metabolism;Pathways
NODE_100125_length_74_cov_1.554054_1_98_-	Lipid-Biosynthesis	Lipid-Biosynthesis;Biosynthesis;Pathways
NODE_100125_length_74_cov_1.554054_1_98_-	Lipid-Biosynthesis	Lipid-Biosynthesis;Biosynthesis;Pathways
NODE_100125_length_74_cov_1.554054_1_98_-	Activation	Activation;Activation-Inactivation-Interconversion;Pathways
NODE_100125_length_74_cov_1.554054_1_98_-	Unusual-fatty-acid-biosynthesis	Unusual-fatty-acid-biosynthesis;Fatty-acid-biosynthesis;Lipid-Biosynthesis;Biosynthesis;Pathways
NODE_100125_length_74_cov_1.554054_1_98_-	Eicosapentaenoate-Biosynthesis	Eicosapentaenoate-Biosynthesis;Unusual-fatty-acid-biosynthesis;Fatty-acid-biosynthesis;Lipid-Biosynthesis;Biosynthesis;Pathways
NODE_100125_length_74_cov_1.554054_1_98_-	Stearate-Biosynthesis	Stearate-Biosynthesis;Fatty-acid-biosynthesis;Lipid-Biosynthesis;Biosynthesis;Pathways
NODE_100125_length_74_cov_1.554054_1_98_-	Linoleate-Biosynthesis	Linoleate-Biosynthesis;Fatty-acid-biosynthesis;Lipid-Biosynthesis;Biosynthesis;Pathways
NODE_100125_length_74_cov_1.554054_1_98_-	Linoleate-Biosynthesis	Linoleate-Biosynthesis;Fatty-acid-biosynthesis;Lipid-Biosynthesis;Biosynthesis;Pathways
NODE_100125_length_74_cov_1.554054_1_98_-	Unusual-fatty-acid-biosynthesis	Unusual-fatty-acid-biosynthesis;Fatty-acid-biosynthesis;Lipid-Biosynthesis;Biosynthesis;Pathways
NODE_100125_length_74_cov_1.554054_1_98_-	Unusual-fatty-acid-biosynthesis	Unusual-fatty-acid-biosynthesis;Fatty-acid-biosynthesis;Lipid-Biosynthesis;Biosynthesis;Pathways
NODE_100125_length_74_cov_1.554054_1_98_-	Gamma-linolenate-Biosynthesis	Gamma-linolenate-Biosynthesis;Fatty-acid-biosynthesis;Lipid-Biosynthesis;Biosynthesis;Pathways
NODE_100125_length_74_cov_1.554054_1_98_-	Fatty-Acid-Degradation	Fatty-Acid-Degradation;Fatty-Acid-and-Lipid-Degradation;Degradation;Pathways
NODE_100125_length_74_cov_1.554054_1_98_-	Fatty-Acid-Degradation	Fatty-Acid-Degradation;Fatty-Acid-and-Lipid-Degradation;Degradation;Pathways
NODE_100125_length_74_cov_1.554054_1_98_-	Fatty-Acid-Degradation	Fatty-Acid-Degradation;Fatty-Acid-and-Lipid-Degradation;Degradation;Pathways
NODE_100125_length_74_cov_1.554054_1_98_-	Fatty-acid-biosynthesis	Fatty-acid-biosynthesis;Lipid-Biosynthesis;Biosynthesis;Pathways
NODE_100125_length_74_cov_1.554054_1_98_-	Palmitate-Biosynthesis	Palmitate-Biosynthesis;Fatty-acid-biosynthesis;Lipid-Biosynthesis;Biosynthesis;Pathways
NODE_100125_length_74_cov_1.554054_1_98_-	Palmitate-Biosynthesis	Palmitate-Biosynthesis;Fatty-acid-biosynthesis;Lipid-Biosynthesis;Biosynthesis;Pathways
NODE_100125_length_74_cov_1.554054_1_98_-	Palmitate-Biosynthesis	Palmitate-Biosynthesis;Fatty-acid-biosynthesis;Lipid-Biosynthesis;Biosynthesis;Pathways
NODE_100125_length_74_cov_1.554054_1_98_-	Palmitate-Biosynthesis	Palmitate-Biosynthesis;Fatty-acid-biosynthesis;Lipid-Biosynthesis;Biosynthesis;Pathways
NODE_100125_length_74_cov_1.554054_1_98_-	Super-Pathways	Super-Pathways;Pathways
NODE_100125_length_74_cov_1.554054_1_98_-	Fatty-acid-biosynthesis	Fatty-acid-biosynthesis;Lipid-Biosynthesis;Biosynthesis;Pathways
NODE_100125_length_74_cov_1.554054_1_98_-	Fatty-acid-biosynthesis	Fatty-acid-biosynthesis;Lipid-Biosynthesis;Biosynthesis;Pathways
NODE_100125_length_74_cov_1.554054_1_98_-	Palmitate-Biosynthesis	Palmitate-Biosynthesis;Fatty-acid-biosynthesis;Lipid-Biosynthesis;Biosynthesis;Pathways
NODE_100125_length_74_cov_1.554054_1_98_-	Fatty-acid-biosynthesis	Fatty-acid-biosynthesis;Lipid-Biosynthesis;Biosynthesis;Pathways
NODE_100125_length_74_cov_1.554054_1_98_-	Palmitate-Biosynthesis	Palmitate-Biosynthesis;Fatty-acid-biosynthesis;Lipid-Biosynthesis;Biosynthesis;Pathways
NODE_100125_length_74_cov_1.554054_1_98_-	Fatty-acid-biosynthesis	Fatty-acid-biosynthesis;Lipid-Biosynthesis;Biosynthesis;Pathways
NODE_100125_length_74_cov_1.554054_1_98_-	Palmitate-Biosynthesis	Palmitate-Biosynthesis;Fatty-acid-biosynthesis;Lipid-Biosynthesis;Biosynthesis;Pathways
NODE_100125_length_74_cov_1.554054_1_98_-	Palmitate-Biosynthesis	Palmitate-Biosynthesis;Fatty-acid-biosynthesis;Lipid-Biosynthesis;Biosynthesis;Pathways
NODE_100125_length_74_cov_1.554054_1_98_-	Fatty-acid-biosynthesis	Fatty-acid-biosynthesis;Lipid-Biosynthesis;Biosynthesis;Pathways
NODE_100125_length_74_cov_1.554054_1_98_-	Palmitate-Biosynthesis	Palmitate-Biosynthesis;Fatty-acid-biosynthesis;Lipid-Biosynthesis;Biosynthesis;Pathways
NODE_100125_length_74_cov_1.554054_1_98_-	Fatty-acid-biosynthesis	Fatty-acid-biosynthesis;Lipid-Biosynthesis;Biosynthesis;Pathways
NODE_100125_length_74_cov_1.554054_1_98_-	Palmitate-Biosynthesis	Palmitate-Biosynthesis;Fatty-acid-biosynthesis;Lipid-Biosynthesis;Biosynthesis;Pathways
NODE_100125_length_74_cov_1.554054_1_98_-	Palmitate-Biosynthesis	Palmitate-Biosynthesis;Fatty-acid-biosynthesis;Lipid-Biosynthesis;Biosynthesis;Pathways
NODE_100125_length_74_cov_1.554054_1_98_-	Palmitate-Biosynthesis	Palmitate-Biosynthesis;Fatty-acid-biosynthesis;Lipid-Biosynthesis;Biosynthesis;Pathways
NODE_100125_length_74_cov_1.554054_1_98_-	Palmitate-Biosynthesis	Palmitate-Biosynthesis;Fatty-acid-biosynthesis;Lipid-Biosynthesis;Biosynthesis;Pathways
NODE_100125_length_74_cov_1.554054_1_98_-	Stearate-Biosynthesis	Stearate-Biosynthesis;Fatty-acid-biosynthesis;Lipid-Biosynthesis;Biosynthesis;Pathways
NODE_100125_length_74_cov_1.554054_1_98_-	Palmitate-Biosynthesis	Palmitate-Biosynthesis;Fatty-acid-biosynthesis;Lipid-Biosynthesis;Biosynthesis;Pathways
NODE_100125_length_74_cov_1.554054_1_98_-	Palmitate-Biosynthesis	Palmitate-Biosynthesis;Fatty-acid-biosynthesis;Lipid-Biosynthesis;Biosynthesis;Pathways
NODE_100125_length_74_cov_1.554054_1_98_-	Palmitate-Biosynthesis	Palmitate-Biosynthesis;Fatty-acid-biosynthesis;Lipid-Biosynthesis;Biosynthesis;Pathways
NODE_100125_length_74_cov_1.554054_1_98_-	Palmitate-Biosynthesis	Palmitate-Biosynthesis;Fatty-acid-biosynthesis;Lipid-Biosynthesis;Biosynthesis;Pathways
NODE_100125_length_74_cov_1.554054_1_98_-	Palmitate-Biosynthesis	Palmitate-Biosynthesis;Fatty-acid-biosynthesis;Lipid-Biosynthesis;Biosynthesis;Pathways
NODE_100125_length_74_cov_1.554054_1_98_-	Palmitate-Biosynthesis	Palmitate-Biosynthesis;Fatty-acid-biosynthesis;Lipid-Biosynthesis;Biosynthesis;Pathways
NODE_100125_length_74_cov_1.554054_1_98_-	Palmitate-Biosynthesis	Palmitate-Biosynthesis;Fatty-acid-biosynthesis;Lipid-Biosynthesis;Biosynthesis;Pathways
NODE_100125_length_74_cov_1.554054_1_98_-	Palmitate-Biosynthesis	Palmitate-Biosynthesis;Fatty-acid-biosynthesis;Lipid-Biosynthesis;Biosynthesis;Pathways
NODE_100125_length_74_cov_1.554054_1_98_-	Palmitate-Biosynthesis	Palmitate-Biosynthesis;Fatty-acid-biosynthesis;Lipid-Biosynthesis;Biosynthesis;Pathways
NODE_100125_length_74_cov_1.554054_1_98_-	Super-Pathways	Super-Pathways;Pathways
NODE_100125_length_74_cov_1.554054_1_98_-	Fatty-acid-biosynthesis	Fatty-acid-biosynthesis;Lipid-Biosynthesis;Biosynthesis;Pathways
NODE_100125_length_74_cov_1.554054_1_98_-	Fatty-acid-biosynthesis	Fatty-acid-biosynthesis;Lipid-Biosynthesis;Biosynthesis;Pathways
NODE_100125_length_74_cov_1.554054_1_98_-	Fatty-acid-biosynthesis	Fatty-acid-biosynthesis;Lipid-Biosynthesis;Biosynthesis;Pathways
NODE_100125_length_74_cov_1.554054_1_98_-	Palmitate-Biosynthesis	Palmitate-Biosynthesis;Fatty-acid-biosynthesis;Lipid-Biosynthesis;Biosynthesis;Pathways
NODE_100125_length_74_cov_1.554054_1_98_-	Palmitate-Biosynthesis	Palmitate-Biosynthesis;Fatty-acid-biosynthesis;Lipid-Biosynthesis;Biosynthesis;Pathways
NODE_100125_length_74_cov_1.554054_1_98_-	Palmitate-Biosynthesis	Palmitate-Biosynthesis;Fatty-acid-biosynthesis;Lipid-Biosynthesis;Biosynthesis;Pathways
NODE_100125_length_74_cov_1.554054_1_98_-	Palmitate-Biosynthesis	Palmitate-Biosynthesis;Fatty-acid-biosynthesis;Lipid-Biosynthesis;Biosynthesis;Pathways
NODE_100125_length_74_cov_1.554054_1_98_-	Stearate-Biosynthesis	Stearate-Biosynthesis;Fatty-acid-biosynthesis;Lipid-Biosynthesis;Biosynthesis;Pathways
NODE_100125_length_74_cov_1.554054_1_98_-	Stearate-Biosynthesis	Stearate-Biosynthesis;Fatty-acid-biosynthesis;Lipid-Biosynthesis;Biosynthesis;Pathways
NODE_100125_length_74_cov_1.554054_1_98_-	Stearate-Biosynthesis	Stearate-Biosynthesis;Fatty-acid-biosynthesis;Lipid-Biosynthesis;Biosynthesis;Pathways
NODE_100125_length_74_cov_1.554054_1_98_-	Palmitate-Biosynthesis	Palmitate-Biosynthesis;Fatty-acid-biosynthesis;Lipid-Biosynthesis;Biosynthesis;Pathways
NODE_100125_length_74_cov_1.554054_1_98_-	Palmitate-Biosynthesis	Palmitate-Biosynthesis;Fatty-acid-biosynthesis;Lipid-Biosynthesis;Biosynthesis;Pathways
NODE_100125_length_74_cov_1.554054_1_98_-	Palmitate-Biosynthesis	Palmitate-Biosynthesis;Fatty-acid-biosynthesis;Lipid-Biosynthesis;Biosynthesis;Pathways
NODE_100125_length_74_cov_1.554054_1_98_-	Palmitate-Biosynthesis	Palmitate-Biosynthesis;Fatty-acid-biosynthesis;Lipid-Biosynthesis;Biosynthesis;Pathways
NODE_100125_length_74_cov_1.554054_1_98_-	Palmitate-Biosynthesis	Palmitate-Biosynthesis;Fatty-acid-biosynthesis;Lipid-Biosynthesis;Biosynthesis;Pathways
NODE_100125_length_74_cov_1.554054_1_98_-	Palmitate-Biosynthesis	Palmitate-Biosynthesis;Fatty-acid-biosynthesis;Lipid-Biosynthesis;Biosynthesis;Pathways
NODE_100125_length_74_cov_1.554054_1_98_-	Palmitate-Biosynthesis	Palmitate-Biosynthesis;Fatty-acid-biosynthesis;Lipid-Biosynthesis;Biosynthesis;Pathways
NODE_100125_length_74_cov_1.554054_1_98_-	Palmitate-Biosynthesis	Palmitate-Biosynthesis;Fatty-acid-biosynthesis;Lipid-Biosynthesis;Biosynthesis;Pathways
NODE_100125_length_74_cov_1.554054_1_98_-	Palmitate-Biosynthesis	Palmitate-Biosynthesis;Fatty-acid-biosynthesis;Lipid-Biosynthesis;Biosynthesis;Pathways
NODE_100125_length_74_cov_1.554054_1_98_-	Palmitate-Biosynthesis	Palmitate-Biosynthesis;Fatty-acid-biosynthesis;Lipid-Biosynthesis;Biosynthesis;Pathways
NODE_100125_length_74_cov_1.554054_1_98_-	Palmitate-Biosynthesis	Palmitate-Biosynthesis;Fatty-acid-biosynthesis;Lipid-Biosynthesis;Biosynthesis;Pathways
NODE_100125_length_74_cov_1.554054_1_98_-	Palmitate-Biosynthesis	Palmitate-Biosynthesis;Fatty-acid-biosynthesis;Lipid-Biosynthesis;Biosynthesis;Pathways
NODE_100125_length_74_cov_1.554054_1_98_-	Palmitate-Biosynthesis	Palmitate-Biosynthesis;Fatty-acid-biosynthesis;Lipid-Biosynthesis;Biosynthesis;Pathways
NODE_100125_length_74_cov_1.554054_1_98_-	Fatty-acid-biosynthesis	Fatty-acid-biosynthesis;Lipid-Biosynthesis;Biosynthesis;Pathways
NODE_100125_length_74_cov_1.554054_1_98_-	Palmitate-Biosynthesis	Palmitate-Biosynthesis;Fatty-acid-biosynthesis;Lipid-Biosynthesis;Biosynthesis;Pathways
NODE_100125_length_74_cov_1.554054_1_98_-	Palmitate-Biosynthesis	Palmitate-Biosynthesis;Fatty-acid-biosynthesis;Lipid-Biosynthesis;Biosynthesis;Pathways
NODE_100125_length_74_cov_1.554054_1_98_-	Stearate-Biosynthesis	Stearate-Biosynthesis;Fatty-acid-biosynthesis;Lipid-Biosynthesis;Biosynthesis;Pathways
NODE_100125_length_74_cov_1.554054_1_98_-	Stearate-Biosynthesis	Stearate-Biosynthesis;Fatty-acid-biosynthesis;Lipid-Biosynthesis;Biosynthesis;Pathways
NODE_100125_length_74_cov_1.554054_1_98_-	Fatty-acid-biosynthesis	Fatty-acid-biosynthesis;Lipid-Biosynthesis;Biosynthesis;Pathways
NODE_100125_length_74_cov_1.554054_1_98_-	Fatty-acid-biosynthesis	Fatty-acid-biosynthesis;Lipid-Biosynthesis;Biosynthesis;Pathways
NODE_100125_length_74_cov_1.554054_1_98_-	Palmitate-Biosynthesis	Palmitate-Biosynthesis;Fatty-acid-biosynthesis;Lipid-Biosynthesis;Biosynthesis;Pathways
NODE_100125_length_74_cov_1.554054_1_98_-	Stearate-Biosynthesis	Stearate-Biosynthesis;Fatty-acid-biosynthesis;Lipid-Biosynthesis;Biosynthesis;Pathways
NODE_100125_length_74_cov_1.554054_1_98_-	QUINONE-SYN	QUINONE-SYN;PHENYLPROPANOID-SYN;SECONDARY-METABOLITE-BIOSYNTHESIS;Biosynthesis;Pathways
NODE_100125_length_74_cov_1.554054_1_98_-	DHNA-Biosynthesis	DHNA-Biosynthesis;Quinone-Biosynthesis;Cofactor-Biosynthesis;Biosynthesis;Pathways
NODE_100125_length_74_cov_1.554054_1_98_-	DHNA-Biosynthesis	DHNA-Biosynthesis;Quinone-Biosynthesis;Cofactor-Biosynthesis;Biosynthesis;Pathways
NODE_1001286_length_137_cov_2.328467_1_161_-	Respiration	Respiration;Energy-Metabolism;Pathways
NODE_1001286_length_137_cov_2.328467_1_161_-	Amino-Acid-Degradation	Amino-Acid-Degradation;Degradation;Pathways
NODE_1001289_length_67_cov_8.507463_1_91_+	GLYCOLYSIS-VARIANTS	GLYCOLYSIS-VARIANTS;Energy-Metabolism;Pathways
NODE_1001289_length_67_cov_8.507463_1_91_+	GLYCOLYSIS-VARIANTS	GLYCOLYSIS-VARIANTS;Energy-Metabolism;Pathways
NODE_1001289_length_67_cov_8.507463_1_91_+	GLYCOLYSIS-VARIANTS	GLYCOLYSIS-VARIANTS;Energy-Metabolism;Pathways
NODE_1001289_length_67_cov_8.507463_1_91_+	GLYCOLYSIS-VARIANTS	GLYCOLYSIS-VARIANTS;Energy-Metabolism;Pathways
NODE_1001289_length_67_cov_8.507463_1_91_+	Formaldehyde-Assimilation	Formaldehyde-Assimilation;C1-COMPOUNDS;Degradation;Pathways
NODE_1001289_length_67_cov_8.507463_1_91_+	GLYCOLYSIS-VARIANTS	GLYCOLYSIS-VARIANTS;Energy-Metabolism;Pathways
NODE_1001293_length_73_cov_6.356164_1_97_+	Other-biosynthesis	Other-biosynthesis;Biosynthesis;Pathways
NODE_1001293_length_73_cov_6.356164_1_97_+	CYSTEINE-SYN	CYSTEINE-SYN;IND-AMINO-ACID-SYN;Amino-Acid-Biosynthesis;Biosynthesis;Pathways
NODE_1001334_length_101_cov_3.950495_1_125_+	CDP-diacylglycerol-Biosynthesis	CDP-diacylglycerol-Biosynthesis;Phospholipid-Biosynthesis;Lipid-Biosynthesis;Biosynthesis;Pathways
NODE_1001334_length_101_cov_3.950495_1_125_+	CDP-diacylglycerol-Biosynthesis	CDP-diacylglycerol-Biosynthesis;Phospholipid-Biosynthesis;Lipid-Biosynthesis;Biosynthesis;Pathways
NODE_1001334_length_101_cov_3.950495_1_125_+	CDP-diacylglycerol-Biosynthesis	CDP-diacylglycerol-Biosynthesis;Phospholipid-Biosynthesis;Lipid-Biosynthesis;Biosynthesis;Pathways
NODE_1001386_length_179_cov_5.374302_1_203_-	Metabolic-Clusters	Metabolic-Clusters;Pathways
NODE_1001386_length_179_cov_5.374302_1_203_-	Aminoacyl-tRNAs-Charging	Aminoacyl-tRNAs-Charging;Biosynthesis;Pathways
NODE_1001409_length_58_cov_1.931034_1_82_+	IMP-Biosynthesis	IMP-Biosynthesis;Purine-Ribonuc-De-Novo-Biosynthesis;Purine-Nucleotide-De-Novo-Biosynthesis;PUR-NUC-SYN;Nucleotide-Biosynthesis;Biosynthesis;Pathways
NODE_1001409_length_58_cov_1.931034_1_82_+	IMP-Biosynthesis	IMP-Biosynthesis;Purine-Ribonuc-De-Novo-Biosynthesis;Purine-Nucleotide-De-Novo-Biosynthesis;PUR-NUC-SYN;Nucleotide-Biosynthesis;Biosynthesis;Pathways
NODE_1001409_length_58_cov_1.931034_1_82_+	IMP-Biosynthesis	IMP-Biosynthesis;Purine-Ribonuc-De-Novo-Biosynthesis;Purine-Nucleotide-De-Novo-Biosynthesis;PUR-NUC-SYN;Nucleotide-Biosynthesis;Biosynthesis;Pathways
NODE_1001409_length_58_cov_1.931034_1_82_+	IMP-Biosynthesis	IMP-Biosynthesis;Purine-Ribonuc-De-Novo-Biosynthesis;Purine-Nucleotide-De-Novo-Biosynthesis;PUR-NUC-SYN;Nucleotide-Biosynthesis;Biosynthesis;Pathways
NODE_1001409_length_58_cov_1.931034_1_82_+	IMP-Biosynthesis	IMP-Biosynthesis;Purine-Ribonuc-De-Novo-Biosynthesis;Purine-Nucleotide-De-Novo-Biosynthesis;PUR-NUC-SYN;Nucleotide-Biosynthesis;Biosynthesis;Pathways
NODE_1001466_length_63_cov_2.111111_1_87_-	Folate-Biosynthesis	Folate-Biosynthesis;Vitamin-Biosynthesis;Cofactor-Biosynthesis;Biosynthesis;Pathways
NODE_1001466_length_63_cov_2.111111_1_87_-	Folate-Biosynthesis	Folate-Biosynthesis;Vitamin-Biosynthesis;Cofactor-Biosynthesis;Biosynthesis;Pathways
NODE_1001466_length_63_cov_2.111111_1_87_-	Autotrophic-CO2-Fixation	Autotrophic-CO2-Fixation;CO2-Fixation;C1-COMPOUNDS;Degradation;Pathways
NODE_1001466_length_63_cov_2.111111_1_87_-	Folate-Biosynthesis	Folate-Biosynthesis;Vitamin-Biosynthesis;Cofactor-Biosynthesis;Biosynthesis;Pathways
NODE_1001466_length_63_cov_2.111111_1_87_-	Purine-Degradation	Purine-Degradation;NUCLEO-DEG;Degradation;Pathways
NODE_1001466_length_63_cov_2.111111_1_87_-	Formaldehyde-Oxidation	Formaldehyde-Oxidation;C1-COMPOUNDS;Degradation;Pathways
NODE_1001466_length_63_cov_2.111111_1_87_-	Folate-Biosynthesis	Folate-Biosynthesis;Vitamin-Biosynthesis;Cofactor-Biosynthesis;Biosynthesis;Pathways
NODE_1001466_length_63_cov_2.111111_1_87_-	Folate-Biosynthesis	Folate-Biosynthesis;Vitamin-Biosynthesis;Cofactor-Biosynthesis;Biosynthesis;Pathways
NODE_1001466_length_63_cov_2.111111_1_87_-	Autotrophic-CO2-Fixation	Autotrophic-CO2-Fixation;CO2-Fixation;C1-COMPOUNDS;Degradation;Pathways
NODE_1001466_length_63_cov_2.111111_1_87_-	Folate-Biosynthesis	Folate-Biosynthesis;Vitamin-Biosynthesis;Cofactor-Biosynthesis;Biosynthesis;Pathways
NODE_1001466_length_63_cov_2.111111_1_87_-	Folate-Biosynthesis	Folate-Biosynthesis;Vitamin-Biosynthesis;Cofactor-Biosynthesis;Biosynthesis;Pathways
NODE_1001466_length_63_cov_2.111111_1_87_-	Purine-Degradation	Purine-Degradation;NUCLEO-DEG;Degradation;Pathways
NODE_1001466_length_63_cov_2.111111_1_87_-	Purine-Degradation	Purine-Degradation;NUCLEO-DEG;Degradation;Pathways
NODE_1001466_length_63_cov_2.111111_1_87_-	HISTIDINE-DEG	HISTIDINE-DEG;Amino-Acid-Degradation;Degradation;Pathways
NODE_1001466_length_63_cov_2.111111_1_87_-	Formaldehyde-Oxidation	Formaldehyde-Oxidation;C1-COMPOUNDS;Degradation;Pathways
NODE_1001487_length_61_cov_4.704918_1_85_+	HISTIDINE-DEG	HISTIDINE-DEG;Amino-Acid-Degradation;Degradation;Pathways
NODE_1001487_length_61_cov_4.704918_1_85_+	HISTIDINE-DEG	HISTIDINE-DEG;Amino-Acid-Degradation;Degradation;Pathways
NODE_1001487_length_61_cov_4.704918_1_85_+	HISTIDINE-DEG	HISTIDINE-DEG;Amino-Acid-Degradation;Degradation;Pathways
NODE_1001487_length_61_cov_4.704918_1_85_+	HISTIDINE-DEG	HISTIDINE-DEG;Amino-Acid-Degradation;Degradation;Pathways
NODE_1001505_length_51_cov_1.372549_1_75_+	SUGAR-ALCOHOLS-DEG	SUGAR-ALCOHOLS-DEG;Sugar-Derivatives;SECONDARY-METABOLITE-DEGRADATION;Degradation;Pathways
NODE_1001505_length_51_cov_1.372549_1_75_+	Xylose-Degradation	Xylose-Degradation;Sugars-And-Polysaccharides;Carbohydrates-Degradation;Degradation;Pathways
NODE_1001505_length_51_cov_1.372549_1_75_+	SUGAR-ALCOHOLS-DEG	SUGAR-ALCOHOLS-DEG;Sugar-Derivatives;SECONDARY-METABOLITE-DEGRADATION;Degradation;Pathways
NODE_100150_length_204_cov_8.068627_42_228_-	Vitamin-A-Biosynthesis	Vitamin-A-Biosynthesis;Vitamin-Biosynthesis;Cofactor-Biosynthesis;Biosynthesis;Pathways
NODE_100150_length_204_cov_8.068627_42_228_-	Benzoate-Biosynthesis	Benzoate-Biosynthesis;BENZENOID-SYN;PHENYLPROPANOID-SYN;SECONDARY-METABOLITE-BIOSYNTHESIS;Biosynthesis;Pathways
NODE_100150_length_204_cov_8.068627_42_228_-	Interconversion	Interconversion;Activation-Inactivation-Interconversion;Pathways
NODE_100150_length_204_cov_8.068627_42_228_-	Auxin-Biosynthesis	Auxin-Biosynthesis;Plant-Hormone-Biosynthesis;HORMONE-SYN;Biosynthesis;Pathways
NODE_1001513_length_66_cov_2.545455_1_90_+	TYROSINE-SYN	TYROSINE-SYN;IND-AMINO-ACID-SYN;Amino-Acid-Biosynthesis;Biosynthesis;Pathways
NODE_1001584_length_257_cov_2.560311_1_281_+	Acetylmuramoyl-Pentapeptide-Biosynthesis	Acetylmuramoyl-Pentapeptide-Biosynthesis;Cell-Structure-Biosynthesis;Biosynthesis;Pathways
NODE_1001590_length_160_cov_6.118750_1_184_-	HISTIDINE-DEG	HISTIDINE-DEG;Amino-Acid-Degradation;Degradation;Pathways
NODE_1001590_length_160_cov_6.118750_1_184_-	HISTIDINE-DEG	HISTIDINE-DEG;Amino-Acid-Degradation;Degradation;Pathways
NODE_1001590_length_160_cov_6.118750_1_184_-	HISTIDINE-DEG	HISTIDINE-DEG;Amino-Acid-Degradation;Degradation;Pathways
NODE_1001590_length_160_cov_6.118750_1_184_-	HISTIDINE-DEG	HISTIDINE-DEG;Amino-Acid-Degradation;Degradation;Pathways
NODE_1001598_length_81_cov_6.000000_1_105_-	Energy-Metabolism	Energy-Metabolism;Pathways
NODE_1001598_length_81_cov_6.000000_1_105_-	Energy-Metabolism	Energy-Metabolism;Pathways
NODE_1001598_length_81_cov_6.000000_1_105_-	CARBOXYLATES-DEG	CARBOXYLATES-DEG;Degradation;Pathways
NODE_1001598_length_81_cov_6.000000_1_105_-	Autotrophic-CO2-Fixation	Autotrophic-CO2-Fixation;CO2-Fixation;C1-COMPOUNDS;Degradation;Pathways
NODE_1001598_length_81_cov_6.000000_1_105_-	Super-Pathways	Super-Pathways;Pathways
NODE_1001598_length_81_cov_6.000000_1_105_-	Energy-Metabolism	Energy-Metabolism;Pathways
NODE_1001598_length_81_cov_6.000000_1_105_-	Energy-Metabolism	Energy-Metabolism;Pathways
NODE_1001598_length_81_cov_6.000000_1_105_-	Fermentation	Fermentation;Energy-Metabolism;Pathways
NODE_1001598_length_81_cov_6.000000_1_105_-	Other-biosynthesis	Other-biosynthesis;Biosynthesis;Pathways
NODE_1001598_length_81_cov_6.000000_1_105_-	Energy-Metabolism	Energy-Metabolism;Pathways
NODE_1001598_length_81_cov_6.000000_1_105_-	Lipid-Biosynthesis	Lipid-Biosynthesis;Biosynthesis;Pathways
NODE_1001598_length_81_cov_6.000000_1_105_-	ISOPRENOIDS	ISOPRENOIDS;Terpenoid-Biosynthesis;SECONDARY-METABOLITE-BIOSYNTHESIS;Biosynthesis;Pathways
NODE_1001598_length_81_cov_6.000000_1_105_-	Cofactor-Biosynthesis	Cofactor-Biosynthesis;Biosynthesis;Pathways
NODE_1001598_length_81_cov_6.000000_1_105_-	Super-Pathways	Super-Pathways;Pathways
NODE_1001598_length_81_cov_6.000000_1_105_-	Acetyl-CoA-Butyrate	Acetyl-CoA-Butyrate;Fermentation;Energy-Metabolism;Pathways
NODE_1001598_length_81_cov_6.000000_1_105_-	Pyruvate-Degradation	Pyruvate-Degradation;Fermentation;Energy-Metabolism;Pathways
NODE_1001598_length_81_cov_6.000000_1_105_-	Pyruvate-Degradation	Pyruvate-Degradation;Fermentation;Energy-Metabolism;Pathways
NODE_1001598_length_81_cov_6.000000_1_105_-	Fermentation	Fermentation;Energy-Metabolism;Pathways
NODE_1001598_length_81_cov_6.000000_1_105_-	OTHER-ENERGY	OTHER-ENERGY;Energy-Metabolism;Pathways
NODE_1001598_length_81_cov_6.000000_1_105_-	OTHER-ENERGY	OTHER-ENERGY;Energy-Metabolism;Pathways
NODE_1001598_length_81_cov_6.000000_1_105_-	Lipid-Biosynthesis	Lipid-Biosynthesis;Biosynthesis;Pathways
NODE_1001598_length_81_cov_6.000000_1_105_-	ISOPRENOIDS	ISOPRENOIDS;Terpenoid-Biosynthesis;SECONDARY-METABOLITE-BIOSYNTHESIS;Biosynthesis;Pathways
NODE_1001598_length_81_cov_6.000000_1_105_-	Cofactor-Biosynthesis	Cofactor-Biosynthesis;Biosynthesis;Pathways
NODE_1001598_length_81_cov_6.000000_1_105_-	LYSINE-DEG	LYSINE-DEG;Amino-Acid-Degradation;Degradation;Pathways
NODE_1001598_length_81_cov_6.000000_1_105_-	Fermentation	Fermentation;Energy-Metabolism;Pathways
NODE_1001598_length_81_cov_6.000000_1_105_-	Fatty-Acid-and-Lipid-Degradation	Fatty-Acid-and-Lipid-Degradation;Degradation;Pathways
NODE_1001598_length_81_cov_6.000000_1_105_-	ISOLEUCINE-DEG	ISOLEUCINE-DEG;Amino-Acid-Degradation;Degradation;Pathways
NODE_1001598_length_81_cov_6.000000_1_105_-	Other-biosynthesis	Other-biosynthesis;Biosynthesis;Pathways
NODE_1001650_length_171_cov_3.385965_1_195_-	QUINONE-SYN	QUINONE-SYN;PHENYLPROPANOID-SYN;SECONDARY-METABOLITE-BIOSYNTHESIS;Biosynthesis;Pathways
NODE_1001650_length_171_cov_3.385965_1_195_-	DHNA-Biosynthesis	DHNA-Biosynthesis;Quinone-Biosynthesis;Cofactor-Biosynthesis;Biosynthesis;Pathways
NODE_1001650_length_171_cov_3.385965_1_195_-	DHNA-Biosynthesis	DHNA-Biosynthesis;Quinone-Biosynthesis;Cofactor-Biosynthesis;Biosynthesis;Pathways
NODE_1001670_length_89_cov_1.146067_1_113_-	Phenylacetate-Degradation	Phenylacetate-Degradation;Phenolic-Compounds-Degradation;AROMATIC-COMPOUNDS-DEGRADATION;Degradation;Pathways
NODE_1001670_length_89_cov_1.146067_1_113_-	Benzoyl-CoA-Degradation	Benzoyl-CoA-Degradation;AROMATIC-COMPOUNDS-DEGRADATION;Degradation;Pathways
NODE_1001670_length_89_cov_1.146067_1_113_-	Cholesterol-Degradation	Cholesterol-Degradation;Steroids-Degradation;Degradation;Pathways
NODE_1001670_length_89_cov_1.146067_1_113_-	Cholesterol-Degradation	Cholesterol-Degradation;Steroids-Degradation;Degradation;Pathways
NODE_1001670_length_89_cov_1.146067_1_113_-	Cholesterol-Degradation	Cholesterol-Degradation;Steroids-Degradation;Degradation;Pathways
NODE_1001670_length_89_cov_1.146067_1_113_-	Cholesterol-Degradation	Cholesterol-Degradation;Steroids-Degradation;Degradation;Pathways
NODE_1001670_length_89_cov_1.146067_1_113_-	Steroids-Degradation	Steroids-Degradation;Degradation;Pathways
NODE_1001670_length_89_cov_1.146067_1_113_-	Energy-Metabolism	Energy-Metabolism;Pathways
NODE_1001670_length_89_cov_1.146067_1_113_-	Energy-Metabolism	Energy-Metabolism;Pathways
NODE_1001670_length_89_cov_1.146067_1_113_-	CARBOXYLATES-DEG	CARBOXYLATES-DEG;Degradation;Pathways
NODE_1001670_length_89_cov_1.146067_1_113_-	Autotrophic-CO2-Fixation	Autotrophic-CO2-Fixation;CO2-Fixation;C1-COMPOUNDS;Degradation;Pathways
NODE_1001670_length_89_cov_1.146067_1_113_-	Fermentation	Fermentation;Energy-Metabolism;Pathways
NODE_1001670_length_89_cov_1.146067_1_113_-	Pyruvate-Degradation	Pyruvate-Degradation;Fermentation;Energy-Metabolism;Pathways
NODE_1001670_length_89_cov_1.146067_1_113_-	Fermentation	Fermentation;Energy-Metabolism;Pathways
NODE_1001670_length_89_cov_1.146067_1_113_-	Steroids-Degradation	Steroids-Degradation;Degradation;Pathways
NODE_1001670_length_89_cov_1.146067_1_113_-	Jasmonates-Biosynthesis	Jasmonates-Biosynthesis;Plant-Hormone-Biosynthesis;HORMONE-SYN;Biosynthesis;Pathways
NODE_1001670_length_89_cov_1.146067_1_113_-	FATTY-ACID-DERIVATIVE-SYN	FATTY-ACID-DERIVATIVE-SYN;SECONDARY-METABOLITE-BIOSYNTHESIS;Biosynthesis;Pathways
NODE_1001670_length_89_cov_1.146067_1_113_-	Jasmonates-Biosynthesis	Jasmonates-Biosynthesis;Plant-Hormone-Biosynthesis;HORMONE-SYN;Biosynthesis;Pathways
NODE_1001670_length_89_cov_1.146067_1_113_-	FATTY-ACID-DERIVATIVE-SYN	FATTY-ACID-DERIVATIVE-SYN;SECONDARY-METABOLITE-BIOSYNTHESIS;Biosynthesis;Pathways
NODE_1001670_length_89_cov_1.146067_1_113_-	Jasmonates-Biosynthesis	Jasmonates-Biosynthesis;Plant-Hormone-Biosynthesis;HORMONE-SYN;Biosynthesis;Pathways
NODE_1001670_length_89_cov_1.146067_1_113_-	FATTY-ACID-DERIVATIVE-SYN	FATTY-ACID-DERIVATIVE-SYN;SECONDARY-METABOLITE-BIOSYNTHESIS;Biosynthesis;Pathways
NODE_1001670_length_89_cov_1.146067_1_113_-	4-Hydroxybenzoate-Biosynthesis	4-Hydroxybenzoate-Biosynthesis;AROMATIC-COMPOUNDS-BIOSYN;Biosynthesis;Pathways
NODE_1001670_length_89_cov_1.146067_1_113_-	Fatty-acid-biosynthesis	Fatty-acid-biosynthesis;Lipid-Biosynthesis;Biosynthesis;Pathways
NODE_1001670_length_89_cov_1.146067_1_113_-	Fatty-Acid-Degradation	Fatty-Acid-Degradation;Fatty-Acid-and-Lipid-Degradation;Degradation;Pathways
NODE_1001670_length_89_cov_1.146067_1_113_-	Fatty-Acid-Degradation	Fatty-Acid-Degradation;Fatty-Acid-and-Lipid-Degradation;Degradation;Pathways
NODE_1001670_length_89_cov_1.146067_1_113_-	Energy-Metabolism	Energy-Metabolism;Pathways
NODE_1001670_length_89_cov_1.146067_1_113_-	Fatty-Acid-Degradation	Fatty-Acid-Degradation;Fatty-Acid-and-Lipid-Degradation;Degradation;Pathways
NODE_1001670_length_89_cov_1.146067_1_113_-	Fermentation	Fermentation;Energy-Metabolism;Pathways
NODE_1001712_length_81_cov_3.518518_1_105_+	Respiration	Respiration;Energy-Metabolism;Pathways
NODE_1001712_length_81_cov_3.518518_1_105_+	Amino-Acid-Degradation	Amino-Acid-Degradation;Degradation;Pathways
NODE_1001717_length_85_cov_4.176471_1_109_+	Metabolic-Clusters	Metabolic-Clusters;Pathways
NODE_1001717_length_85_cov_4.176471_1_109_+	Aminoacyl-tRNAs-Charging	Aminoacyl-tRNAs-Charging;Biosynthesis;Pathways
NODE_1001756_length_238_cov_2.226891_1_262_+	Palmitate-Biosynthesis	Palmitate-Biosynthesis;Fatty-acid-biosynthesis;Lipid-Biosynthesis;Biosynthesis;Pathways
NODE_1001756_length_238_cov_2.226891_1_262_+	Fatty-acid-biosynthesis	Fatty-acid-biosynthesis;Lipid-Biosynthesis;Biosynthesis;Pathways
NODE_1001756_length_238_cov_2.226891_1_262_+	Fatty-acid-biosynthesis	Fatty-acid-biosynthesis;Lipid-Biosynthesis;Biosynthesis;Pathways
NODE_1001756_length_238_cov_2.226891_1_262_+	Palmitate-Biosynthesis	Palmitate-Biosynthesis;Fatty-acid-biosynthesis;Lipid-Biosynthesis;Biosynthesis;Pathways
NODE_1001756_length_238_cov_2.226891_1_262_+	Fatty-acid-biosynthesis	Fatty-acid-biosynthesis;Lipid-Biosynthesis;Biosynthesis;Pathways
NODE_1001756_length_238_cov_2.226891_1_262_+	Stearate-Biosynthesis	Stearate-Biosynthesis;Fatty-acid-biosynthesis;Lipid-Biosynthesis;Biosynthesis;Pathways
NODE_1001756_length_238_cov_2.226891_1_262_+	Fatty-acid-biosynthesis	Fatty-acid-biosynthesis;Lipid-Biosynthesis;Biosynthesis;Pathways
NODE_1001756_length_238_cov_2.226891_1_262_+	Palmitate-Biosynthesis	Palmitate-Biosynthesis;Fatty-acid-biosynthesis;Lipid-Biosynthesis;Biosynthesis;Pathways
NODE_1001756_length_238_cov_2.226891_1_262_+	Palmitoleate-Biosynthesis	Palmitoleate-Biosynthesis;Fatty-acid-biosynthesis;Lipid-Biosynthesis;Biosynthesis;Pathways
NODE_1001756_length_238_cov_2.226891_1_262_+	Palmitate-Biosynthesis	Palmitate-Biosynthesis;Fatty-acid-biosynthesis;Lipid-Biosynthesis;Biosynthesis;Pathways
NODE_1001756_length_238_cov_2.226891_1_262_+	Palmitate-Biosynthesis	Palmitate-Biosynthesis;Fatty-acid-biosynthesis;Lipid-Biosynthesis;Biosynthesis;Pathways
NODE_1001756_length_238_cov_2.226891_1_262_+	Fatty-acid-biosynthesis	Fatty-acid-biosynthesis;Lipid-Biosynthesis;Biosynthesis;Pathways
NODE_1001756_length_238_cov_2.226891_1_262_+	7-Keto-8-aminopelargonate-Biosynthesis	7-Keto-8-aminopelargonate-Biosynthesis;BIOTIN-SYN;Vitamin-Biosynthesis;Cofactor-Biosynthesis;Biosynthesis;Pathways
NODE_1001756_length_238_cov_2.226891_1_262_+	Super-Pathways	Super-Pathways;Pathways
NODE_1001756_length_238_cov_2.226891_1_262_+	Fatty-acid-biosynthesis	Fatty-acid-biosynthesis;Lipid-Biosynthesis;Biosynthesis;Pathways
NODE_1001756_length_238_cov_2.226891_1_262_+	Fatty-acid-biosynthesis	Fatty-acid-biosynthesis;Lipid-Biosynthesis;Biosynthesis;Pathways
NODE_1001756_length_238_cov_2.226891_1_262_+	Fatty-acid-biosynthesis	Fatty-acid-biosynthesis;Lipid-Biosynthesis;Biosynthesis;Pathways
NODE_1001756_length_238_cov_2.226891_1_262_+	Palmitoleate-Biosynthesis	Palmitoleate-Biosynthesis;Fatty-acid-biosynthesis;Lipid-Biosynthesis;Biosynthesis;Pathways
NODE_1001756_length_238_cov_2.226891_1_262_+	Stearate-Biosynthesis	Stearate-Biosynthesis;Fatty-acid-biosynthesis;Lipid-Biosynthesis;Biosynthesis;Pathways
NODE_1001756_length_238_cov_2.226891_1_262_+	Palmitate-Biosynthesis	Palmitate-Biosynthesis;Fatty-acid-biosynthesis;Lipid-Biosynthesis;Biosynthesis;Pathways
NODE_1001756_length_238_cov_2.226891_1_262_+	Fatty-acid-biosynthesis	Fatty-acid-biosynthesis;Lipid-Biosynthesis;Biosynthesis;Pathways
NODE_1001756_length_238_cov_2.226891_1_262_+	Palmitate-Biosynthesis	Palmitate-Biosynthesis;Fatty-acid-biosynthesis;Lipid-Biosynthesis;Biosynthesis;Pathways
NODE_1001756_length_238_cov_2.226891_1_262_+	Palmitate-Biosynthesis	Palmitate-Biosynthesis;Fatty-acid-biosynthesis;Lipid-Biosynthesis;Biosynthesis;Pathways
NODE_1001756_length_238_cov_2.226891_1_262_+	Fatty-acid-biosynthesis	Fatty-acid-biosynthesis;Lipid-Biosynthesis;Biosynthesis;Pathways
NODE_1001756_length_238_cov_2.226891_1_262_+	Palmitate-Biosynthesis	Palmitate-Biosynthesis;Fatty-acid-biosynthesis;Lipid-Biosynthesis;Biosynthesis;Pathways
NODE_1001756_length_238_cov_2.226891_1_262_+	Fatty-acid-biosynthesis	Fatty-acid-biosynthesis;Lipid-Biosynthesis;Biosynthesis;Pathways
NODE_1001756_length_238_cov_2.226891_1_262_+	Fatty-acid-biosynthesis	Fatty-acid-biosynthesis;Lipid-Biosynthesis;Biosynthesis;Pathways
NODE_1001756_length_238_cov_2.226891_1_262_+	Fatty-acid-biosynthesis	Fatty-acid-biosynthesis;Lipid-Biosynthesis;Biosynthesis;Pathways
NODE_1001756_length_238_cov_2.226891_1_262_+	Palmitate-Biosynthesis	Palmitate-Biosynthesis;Fatty-acid-biosynthesis;Lipid-Biosynthesis;Biosynthesis;Pathways
NODE_1001756_length_238_cov_2.226891_1_262_+	Palmitate-Biosynthesis	Palmitate-Biosynthesis;Fatty-acid-biosynthesis;Lipid-Biosynthesis;Biosynthesis;Pathways
NODE_1001756_length_238_cov_2.226891_1_262_+	Palmitate-Biosynthesis	Palmitate-Biosynthesis;Fatty-acid-biosynthesis;Lipid-Biosynthesis;Biosynthesis;Pathways
NODE_1001778_length_49_cov_3.040816_1_73_-	Super-Pathways	Super-Pathways;Pathways
NODE_1001778_length_49_cov_3.040816_1_73_-	Sugars-And-Polysaccharides	Sugars-And-Polysaccharides;Carbohydrates-Degradation;Degradation;Pathways
NODE_1001778_length_49_cov_3.040816_1_73_-	Photosynthesis	Photosynthesis;Energy-Metabolism;Pathways
NODE_1001778_length_49_cov_3.040816_1_73_-	CARBO-BIOSYNTHESIS	CARBO-BIOSYNTHESIS;Carbohydrates-Biosynthesis;Biosynthesis;Pathways
NODE_1001778_length_49_cov_3.040816_1_73_-	Autotrophic-CO2-Fixation	Autotrophic-CO2-Fixation;CO2-Fixation;C1-COMPOUNDS;Degradation;Pathways
NODE_1001778_length_49_cov_3.040816_1_73_-	Energy-Metabolism	Energy-Metabolism;Pathways
NODE_1001778_length_49_cov_3.040816_1_73_-	Pentose-Phosphate-Cycle	Pentose-Phosphate-Cycle;Energy-Metabolism;Pathways
NODE_1001778_length_49_cov_3.040816_1_73_-	Formaldehyde-Assimilation	Formaldehyde-Assimilation;C1-COMPOUNDS;Degradation;Pathways
NODE_1001778_length_49_cov_3.040816_1_73_-	Formaldehyde-Assimilation	Formaldehyde-Assimilation;C1-COMPOUNDS;Degradation;Pathways
NODE_1001778_length_49_cov_3.040816_1_73_-	Pentose-Phosphate-Cycle	Pentose-Phosphate-Cycle;Energy-Metabolism;Pathways
NODE_1001778_length_49_cov_3.040816_1_73_-	Photosynthesis	Photosynthesis;Energy-Metabolism;Pathways
NODE_1001778_length_49_cov_3.040816_1_73_-	CARBO-BIOSYNTHESIS	CARBO-BIOSYNTHESIS;Carbohydrates-Biosynthesis;Biosynthesis;Pathways
NODE_1001778_length_49_cov_3.040816_1_73_-	Autotrophic-CO2-Fixation	Autotrophic-CO2-Fixation;CO2-Fixation;C1-COMPOUNDS;Degradation;Pathways
NODE_1001778_length_49_cov_3.040816_1_73_-	Energy-Metabolism	Energy-Metabolism;Pathways
NODE_1001778_length_49_cov_3.040816_1_73_-	Pentose-Phosphate-Cycle	Pentose-Phosphate-Cycle;Energy-Metabolism;Pathways
NODE_1001778_length_49_cov_3.040816_1_73_-	Sugars-And-Polysaccharides	Sugars-And-Polysaccharides;Carbohydrates-Degradation;Degradation;Pathways
NODE_1001778_length_49_cov_3.040816_1_73_-	Fermentation	Fermentation;Energy-Metabolism;Pathways
NODE_1001778_length_49_cov_3.040816_1_73_-	Formaldehyde-Assimilation	Formaldehyde-Assimilation;C1-COMPOUNDS;Degradation;Pathways
NODE_1001778_length_49_cov_3.040816_1_73_-	Formaldehyde-Assimilation	Formaldehyde-Assimilation;C1-COMPOUNDS;Degradation;Pathways
NODE_1001778_length_49_cov_3.040816_1_73_-	Pentose-Phosphate-Cycle	Pentose-Phosphate-Cycle;Energy-Metabolism;Pathways
NODE_1001786_length_67_cov_1.925373_1_91_+	METHIONINE-SYN	METHIONINE-SYN;IND-AMINO-ACID-SYN;Amino-Acid-Biosynthesis;Biosynthesis;Pathways
NODE_1001868_length_79_cov_2.632911_1_103_+	Propionate-Degradation	Propionate-Degradation;CARBOXYLATES-DEG;Degradation;Pathways
NODE_1001868_length_79_cov_2.632911_1_103_+	Autotrophic-CO2-Fixation	Autotrophic-CO2-Fixation;CO2-Fixation;C1-COMPOUNDS;Degradation;Pathways
NODE_1001868_length_79_cov_2.632911_1_103_+	Autotrophic-CO2-Fixation	Autotrophic-CO2-Fixation;CO2-Fixation;C1-COMPOUNDS;Degradation;Pathways
NODE_1001868_length_79_cov_2.632911_1_103_+	Energy-Metabolism	Energy-Metabolism;Pathways
NODE_1001868_length_79_cov_2.632911_1_103_+	Pyruvate-Degradation	Pyruvate-Degradation;Fermentation;Energy-Metabolism;Pathways
NODE_1001868_length_79_cov_2.632911_1_103_+	SUCC-DEG	SUCC-DEG;CARBOXYLATES-DEG;Degradation;Pathways
NODE_1001872_length_48_cov_9.958333_1_72_-	NAD-Metabolism	NAD-Metabolism;Cofactor-Biosynthesis;Biosynthesis;Pathways
NODE_1001872_length_48_cov_9.958333_1_72_-	TCA-VARIANTS	TCA-VARIANTS;Energy-Metabolism;Pathways
NODE_1001872_length_48_cov_9.958333_1_72_-	Super-Pathways	Super-Pathways;Pathways
NODE_1001872_length_48_cov_9.958333_1_72_-	Photosynthesis	Photosynthesis;Energy-Metabolism;Pathways
NODE_1001872_length_48_cov_9.958333_1_72_-	CHEMOAUTOTROPHIC-ENERGY-METABOLISM	CHEMOAUTOTROPHIC-ENERGY-METABOLISM;Energy-Metabolism;Pathways
NODE_1001872_length_48_cov_9.958333_1_72_-	TCA-VARIANTS	TCA-VARIANTS;Energy-Metabolism;Pathways
NODE_1001872_length_48_cov_9.958333_1_72_-	TCA-VARIANTS	TCA-VARIANTS;Energy-Metabolism;Pathways
NODE_1001872_length_48_cov_9.958333_1_72_-	Reductive-TCA-Cycles	Reductive-TCA-Cycles;Autotrophic-CO2-Fixation;CO2-Fixation;C1-COMPOUNDS;Degradation;Pathways
NODE_1001872_length_48_cov_9.958333_1_72_-	TCA-VARIANTS	TCA-VARIANTS;Energy-Metabolism;Pathways
NODE_1001872_length_48_cov_9.958333_1_72_-	Energy-Metabolism	Energy-Metabolism;Pathways
NODE_1001872_length_48_cov_9.958333_1_72_-	GLUTAMINE-SYN	GLUTAMINE-SYN;IND-AMINO-ACID-SYN;Amino-Acid-Biosynthesis;Biosynthesis;Pathways
NODE_1001872_length_48_cov_9.958333_1_72_-	Fermentation	Fermentation;Energy-Metabolism;Pathways
NODE_1001872_length_48_cov_9.958333_1_72_-	TCA-VARIANTS	TCA-VARIANTS;Energy-Metabolism;Pathways
NODE_1001872_length_48_cov_9.958333_1_72_-	TCA-VARIANTS	TCA-VARIANTS;Energy-Metabolism;Pathways
NODE_1001872_length_48_cov_9.958333_1_72_-	ANAEROBIC-RESPIRATION	ANAEROBIC-RESPIRATION;Respiration;Energy-Metabolism;Pathways
NODE_1001875_length_61_cov_2.639344_1_85_-	Sugars-And-Polysaccharides	Sugars-And-Polysaccharides;Carbohydrates-Degradation;Degradation;Pathways
NODE_1001968_length_139_cov_1.661870_1_163_-	GLYCOGEN-BIOSYN	GLYCOGEN-BIOSYN;Polysaccharides-Biosynthesis;Carbohydrates-Biosynthesis;Biosynthesis;Pathways
NODE_1001968_length_139_cov_1.661870_1_163_-	Glycogen-Degradation	Glycogen-Degradation;POLYSACCHARIDES-DEG;Carbohydrates-Degradation;Degradation;Pathways
NODE_1001968_length_139_cov_1.661870_1_163_-	Glycogen-Degradation	Glycogen-Degradation;POLYSACCHARIDES-DEG;Polymer-Degradation;Degradation;Pathways
NODE_1001968_length_139_cov_1.661870_1_163_-	CARBO-BIOSYNTHESIS	CARBO-BIOSYNTHESIS;Carbohydrates-Biosynthesis;Biosynthesis;Pathways
NODE_1001968_length_139_cov_1.661870_1_163_-	Starch-Degradation	Starch-Degradation;POLYSACCHARIDES-DEG;Carbohydrates-Degradation;Degradation;Pathways
NODE_1001968_length_139_cov_1.661870_1_163_-	Starch-Degradation	Starch-Degradation;POLYSACCHARIDES-DEG;Polymer-Degradation;Degradation;Pathways
NODE_1001968_length_139_cov_1.661870_1_163_-	Starch-Degradation	Starch-Degradation;POLYSACCHARIDES-DEG;Carbohydrates-Degradation;Degradation;Pathways
NODE_1001968_length_139_cov_1.661870_1_163_-	Starch-Degradation	Starch-Degradation;POLYSACCHARIDES-DEG;Polymer-Degradation;Degradation;Pathways
NODE_1001968_length_139_cov_1.661870_1_163_-	Glycogen-Degradation	Glycogen-Degradation;POLYSACCHARIDES-DEG;Carbohydrates-Degradation;Degradation;Pathways
NODE_1001968_length_139_cov_1.661870_1_163_-	Glycogen-Degradation	Glycogen-Degradation;POLYSACCHARIDES-DEG;Polymer-Degradation;Degradation;Pathways
NODE_1001968_length_139_cov_1.661870_1_163_-	Glycogen-Degradation	Glycogen-Degradation;POLYSACCHARIDES-DEG;Carbohydrates-Degradation;Degradation;Pathways
NODE_1001968_length_139_cov_1.661870_1_163_-	Glycogen-Degradation	Glycogen-Degradation;POLYSACCHARIDES-DEG;Polymer-Degradation;Degradation;Pathways
NODE_1001968_length_139_cov_1.661870_1_163_-	Glycogen-Degradation	Glycogen-Degradation;POLYSACCHARIDES-DEG;Carbohydrates-Degradation;Degradation;Pathways
NODE_1001968_length_139_cov_1.661870_1_163_-	Glycogen-Degradation	Glycogen-Degradation;POLYSACCHARIDES-DEG;Polymer-Degradation;Degradation;Pathways
NODE_1001968_length_139_cov_1.661870_1_163_-	CARBO-BIOSYNTHESIS	CARBO-BIOSYNTHESIS;Carbohydrates-Biosynthesis;Biosynthesis;Pathways
NODE_1001968_length_139_cov_1.661870_1_163_-	Sucrose-Biosynthesis	Sucrose-Biosynthesis;CARBO-BIOSYNTHESIS;Carbohydrates-Biosynthesis;Biosynthesis;Pathways
NODE_1001996_length_109_cov_2.926605_1_133_+	Formaldehyde-Assimilation	Formaldehyde-Assimilation;C1-COMPOUNDS;Degradation;Pathways
NODE_1001996_length_109_cov_2.926605_1_133_+	Photosynthesis	Photosynthesis;Energy-Metabolism;Pathways
NODE_1001996_length_109_cov_2.926605_1_133_+	Formaldehyde-Assimilation	Formaldehyde-Assimilation;C1-COMPOUNDS;Degradation;Pathways
NODE_1001_length_82_cov_5.109756_1_106_+	Folate-Biosynthesis	Folate-Biosynthesis;Vitamin-Biosynthesis;Cofactor-Biosynthesis;Biosynthesis;Pathways
NODE_1001_length_82_cov_5.109756_1_106_+	Photosynthesis	Photosynthesis;Energy-Metabolism;Pathways
NODE_1001_length_82_cov_5.109756_1_106_+	Folate-Biosynthesis	Folate-Biosynthesis;Vitamin-Biosynthesis;Cofactor-Biosynthesis;Biosynthesis;Pathways
NODE_1001_length_82_cov_5.109756_1_106_+	Formaldehyde-Assimilation	Formaldehyde-Assimilation;C1-COMPOUNDS;Degradation;Pathways
NODE_1001_length_82_cov_5.109756_1_106_+	Folate-Biosynthesis	Folate-Biosynthesis;Vitamin-Biosynthesis;Cofactor-Biosynthesis;Biosynthesis;Pathways
NODE_1001_length_82_cov_5.109756_1_106_+	Folate-Biosynthesis	Folate-Biosynthesis;Vitamin-Biosynthesis;Cofactor-Biosynthesis;Biosynthesis;Pathways
NODE_1001_length_82_cov_5.109756_1_106_+	Purine-Degradation	Purine-Degradation;NUCLEO-DEG;Degradation;Pathways
NODE_1001_length_82_cov_5.109756_1_106_+	GLYCINE-SYN	GLYCINE-SYN;IND-AMINO-ACID-SYN;Amino-Acid-Biosynthesis;Biosynthesis;Pathways
NODE_1001_length_82_cov_5.109756_1_106_+	AMINE-DEG	AMINE-DEG;Degradation;Pathways
NODE_1002007_length_75_cov_1.466667_1_99_-	Ammonia-Assimilation	Ammonia-Assimilation;NITROGEN-DEG;Noncarbon-Nutrients;Degradation;Pathways
NODE_1002007_length_75_cov_1.466667_1_99_-	GLUTAMINE-SYN	GLUTAMINE-SYN;IND-AMINO-ACID-SYN;Amino-Acid-Biosynthesis;Biosynthesis;Pathways
NODE_1002007_length_75_cov_1.466667_1_99_-	GLUTAMATE-SYN	GLUTAMATE-SYN;IND-AMINO-ACID-SYN;Amino-Acid-Biosynthesis;Biosynthesis;Pathways
NODE_1002007_length_75_cov_1.466667_1_99_-	GLUTAMINE-DEG	GLUTAMINE-DEG;Amino-Acid-Degradation;Degradation;Pathways
NODE_1002007_length_75_cov_1.466667_1_99_-	GLUTAMATE-SYN	GLUTAMATE-SYN;IND-AMINO-ACID-SYN;Amino-Acid-Biosynthesis;Biosynthesis;Pathways
NODE_1002007_length_75_cov_1.466667_1_99_-	GLUTAMATE-SYN	GLUTAMATE-SYN;IND-AMINO-ACID-SYN;Amino-Acid-Biosynthesis;Biosynthesis;Pathways
NODE_1002007_length_75_cov_1.466667_1_99_-	Ammonia-Assimilation	Ammonia-Assimilation;NITROGEN-DEG;Noncarbon-Nutrients;Degradation;Pathways
NODE_1002042_length_106_cov_1.122642_1_130_-	Folate-Biosynthesis	Folate-Biosynthesis;Vitamin-Biosynthesis;Cofactor-Biosynthesis;Biosynthesis;Pathways
NODE_1002042_length_106_cov_1.122642_1_130_-	Photosynthesis	Photosynthesis;Energy-Metabolism;Pathways
NODE_1002042_length_106_cov_1.122642_1_130_-	Folate-Biosynthesis	Folate-Biosynthesis;Vitamin-Biosynthesis;Cofactor-Biosynthesis;Biosynthesis;Pathways
NODE_1002042_length_106_cov_1.122642_1_130_-	Formaldehyde-Assimilation	Formaldehyde-Assimilation;C1-COMPOUNDS;Degradation;Pathways
NODE_1002042_length_106_cov_1.122642_1_130_-	Folate-Biosynthesis	Folate-Biosynthesis;Vitamin-Biosynthesis;Cofactor-Biosynthesis;Biosynthesis;Pathways
NODE_1002042_length_106_cov_1.122642_1_130_-	Folate-Biosynthesis	Folate-Biosynthesis;Vitamin-Biosynthesis;Cofactor-Biosynthesis;Biosynthesis;Pathways
NODE_1002042_length_106_cov_1.122642_1_130_-	Purine-Degradation	Purine-Degradation;NUCLEO-DEG;Degradation;Pathways
NODE_1002042_length_106_cov_1.122642_1_130_-	GLYCINE-SYN	GLYCINE-SYN;IND-AMINO-ACID-SYN;Amino-Acid-Biosynthesis;Biosynthesis;Pathways
NODE_1002042_length_106_cov_1.122642_1_130_-	AMINE-DEG	AMINE-DEG;Degradation;Pathways
